POS,Player,Mat,Inns,Ov,Wkts,Runs,BBI,Avg,Econ,SR,4w,5w,year
1,Harshal PatelPBKS,14,14,49,24,477,15/3,19.87,9.73,12.25,0,0,2024
2,Varun ChakaravarthyKKR,15,14,50,21,402,16/3,19.14,8.04,14.28,0,0,2024
3,Jasprit BumrahMI,13,13,51.5,20,336,21/5,16.8,6.48,15.55,0,1,2024
4,T NatarajanSRH,14,14,51.2,19,465,19/4,24.47,9.05,16.21,1,0,2024
5,Harshit RanaKKR,13,11,42.1,19,383,24/3,20.15,9.08,13.31,0,0,2024
6,Avesh KhanRR,16,15,54.5,19,526,27/3,27.68,9.59,17.31,0,0,2024
7,Arshdeep SinghPBKS,14,14,50.2,19,505,29/4,26.57,10.03,15.89,1,0,2024
8,Andre RussellKKR,15,14,29.2,19,295,19/3,15.52,10.05,9.26,0,0,2024
9,Pat CumminsSRH,16,16,61,18,566,43/3,31.44,9.27,20.33,0,0,2024
10,Yuzvendra ChahalRR,15,15,58,18,546,3-Nov,30.33,9.41,19.33,0,0,2024
11,Sunil NarineKKR,15,14,55,17,368,22/2,21.64,6.69,19.41,0,0,2024
12,Tushar DeshpandeCSK,13,13,48,17,424,27/4,24.94,8.83,16.94,1,0,2024
13,Khaleel AhmedDC,14,14,50,17,479,21/2,28.17,9.58,17.64,0,0,2024
14,Mukesh KumarDC,10,10,35.3,17,368,14/3,21.64,10.36,12.52,0,0,2024
15,Mitchell StarcKKR,14,13,41.5,17,444,33/4,26.11,10.61,14.76,1,0,2024
16,Trent BoultRR,16,15,53.2,16,443,22/3,27.68,8.3,20,0,0,2024
17,Kuldeep YadavDC,11,11,43,16,374,55/4,23.37,8.69,16.12,1,0,2024
18,Sam CurranPBKS,13,13,41,16,416,28/3,26,10.14,15.37,0,0,2024
19,Yash DayalRCB,14,14,50.1,15,459,20/3,30.6,9.14,20.06,0,0,2024
20,Mohammed SirajRCB,14,14,54,15,496,43/3,33.06,9.18,21.6,0,0,2024
21,Mustafizur RahmanCSK,9,9,34.2,14,318,29/4,22.71,9.26,14.71,1,0,2024
22,Naveen-Ul-HaqLSG,10,10,36.3,14,372,49/3,26.57,10.19,15.64,0,0,2024
23,Matheesha PathiranaCSK,6,6,22,13,169,28/4,13,7.68,10.15,1,0,2024
24,Sandeep SharmaRR,11,10,38,13,311,18/5,23.92,8.18,17.53,0,1,2024
25,Piyush ChawlaMI,11,11,35,13,312,29/3,24,8.91,16.15,0,0,2024
26,Gerald CoetzeeMI,10,10,33.3,13,341,34/4,26.23,10.17,15.46,1,0,2024
27,Mohit SharmaGT,12,11,39,13,425,25/3,32.69,10.89,18,0,0,2024
28,Axar PatelDC,14,14,44,11,337,25/2,30.63,7.65,24,0,0,2024
29,Kagiso RabadaPBKS,11,11,42,11,372,18/2,33.81,8.85,22.9,0,0,2024
30,Vaibhav AroraKKR,10,10,30,11,276,27/3,25.09,9.2,16.36,0,0,2024
31,Bhuvneshwar KumarSRH,16,16,57,11,533,41/3,48.45,9.35,31.09,0,0,2024
32,Hardik PandyaMI,14,12,36,11,387,31/3,35.18,10.75,19.63,0,0,2024
33,Yash ThakurLSG,10,10,35.3,11,402,30/5,36.54,11.32,19.36,0,1,2024
34,Rashid KhanGT,12,12,43.4,10,367,38/2,36.7,8.4,26.2,0,0,2024
35,Cameron GreenRCB,13,13,35.1,10,303,2-Dec,30.3,8.61,21.1,0,0,2024
36,Ravi BishnoiLSG,14,14,43.4,10,383,25/2,38.3,8.77,26.2,0,0,2024
37,Rahul ChaharPBKS,9,9,31,10,279,23/3,27.9,9,18.6,0,0,2024
38,Ishant SharmaDC,9,9,27,10,265,34/3,26.5,9.81,16.2,0,0,2024
39,Mohsin KhanLSG,9,10,38,10,385,29/2,38.5,10.13,22.8,0,0,2024
40,Ravichandran AshwinRR,15,14,55,9,467,24/3,51.88,8.49,36.66,0,0,2024
41,Lockie FergusonRCB,7,7,24,9,255,23/2,28.33,10.62,16,0,0,2024
42,Rasikh SalamDC,8,8,24.3,9,269,34/3,29.88,10.97,16.33,0,0,2024
43,Ravindra JadejaCSK,14,14,47,8,369,18/3,46.12,7.85,35.25,0,0,2024
44,Noor AhmadGT,10,10,34.5,8,290,20/2,36.25,8.32,26.12,0,0,2024
45,Nuwan ThusharaMI,7,7,26,8,257,28/3,32.12,9.88,19.5,0,0,2024
46,Umesh YadavGT,7,7,21,8,210,22/2,26.25,10,15.75,0,0,2024
47,Jaydev UnadkatSRH,11,11,31.1,8,319,30/3,39.87,10.23,23.37,0,0,2024
48,Mayank MarkandeSRH,7,7,22,8,259,26/2,32.37,11.77,16.5,0,0,2024
49,Mayank YadavLSG,4,4,12.1,7,85,14/3,12.14,6.98,10.42,0,0,2024
50,Harpreet BrarPBKS,13,13,38,7,303,13/2,43.28,7.97,32.57,0,0,2024
51,Nandre BurgerRR,6,5,17,7,145,29/2,20.71,8.52,14.57,0,0,2024
52,Sai KishoreGT,5,5,15,7,137,33/4,19.57,9.13,12.85,1,0,2024
53,Shahbaz AhmedSRH,16,15,27.3,7,270,23/3,38.57,9.81,23.57,0,0,2024
54,Karn SharmaRCB,9,9,24,7,254,29/2,36.28,10.58,20.57,0,0,2024
55,Anrich NortjeDC,6,6,22,7,294,59/3,42,13.36,18.85,0,0,2024
56,Krunal PandyaLSG,14,12,33,6,255,3-Nov,42.5,7.72,33,0,0,2024
57,Glenn MaxwellRCB,10,6,16,6,129,23/2,21.5,8.06,16,0,0,2024
58,Swapnil SinghRCB,7,7,15,6,133,28/2,22.16,8.86,15,0,0,2024
59,Kuldeep SenRR,3,3,12,6,122,41/3,20.33,10.16,12,0,0,2024
60,Sandeep WarrierGT,5,5,11,6,119,15/3,19.83,10.81,11,0,0,2024
61,Deepak ChaharCSK,8,8,23.3,5,202,28/2,40.4,8.59,28.2,0,0,2024
62,Shardul ThakurCSK,9,9,31.4,5,309,61/2,61.8,9.75,38,0,0,2024
63,Simarjeet SinghCSK,4,4,12,5,121,26/3,24.2,10.08,14.4,0,0,2024
64,Akash MadhwalMI,5,5,18.1,5,205,20/3,41,11.28,21.8,0,0,2024
65,Azmatullah OmarzaiGT,7,7,21,4,186,27/2,46.5,8.85,31.5,0,0,2024
66,Marcus StoinisLSG,14,7,14,4,126,1-Mar,31.5,9,21,0,0,2024
67,Spencer JohnsonGT,5,5,16,4,151,25/2,37.75,9.43,24,0,0,2024
68,Vyshak VijaykumarRCB,4,4,14.3,4,142,23/2,35.5,9.79,21.75,0,0,2024
69,Reece TopleyRCB,4,4,15,4,168,27/2,42,11.2,22.5,0,0,2024
70,Josh LittleGT,1,1,4,4,45,45/4,11.25,11.25,6,1,0,2024
71,Liam LivingstonePBKS,7,4,12,3,84,19/2,28,7,24,0,0,2024
72,Tristan StubbsDC,14,2,2,3,15,2-Nov,5,7.5,4,0,0,2024
73,Darshan NalkandeGT,3,3,4.5,3,45,21/2,15,9.31,9.66,0,0,2024
74,Shreyas GopalMI,3,3,7,3,67,1-Sep,22.33,9.57,14,0,0,2024
75,Nitish Kumar ReddySRH,13,7,13.1,3,153,17/2,51,11.62,26.33,0,0,2024
76,Keshav MaharajRR,2,2,6,2,39,23/2,19.5,6.5,18,0,0,2024
77,Mitchell SantnerCSK,3,3,9,2,64,1-Oct,32,7.11,27,0,0,2024
78,Maheesh TheekshanaCSK,5,5,20,2,144,27/1,72,7.2,60,0,0,2024
79,Abhishek SharmaSRH,16,4,7,2,51,24/2,25.5,7.28,21,0,0,2024
80,Mohammad NabiMI,7,6,12.2,2,109,16/1,54.5,8.83,37,0,0,2024
81,Moeen AliCSK,8,4,8,2,71,23/2,35.5,8.87,24,0,0,2024
82,Vidwath KaverappaPBKS,1,1,4,2,36,36/2,18,9,12,0,0,2024
83,Will JacksRCB,8,5,9,2,100,23/1,50,11.11,27,0,0,2024
84,Anshul KambojMI,3,3,10,2,114,24/1,57,11.4,30,0,0,2024
85,Shashank SinghPBKS,14,1,1,1,5,1-May,5,5,6,0,0,2024
86,Nathan EllisPBKS,1,1,4,1,24,24/1,24,6,24,0,0,2024
87,M SiddharthLSG,3,3,9,1,71,21/1,71,7.88,54,0,0,2024
88,Vijayakanth ViyaskanthSRH,3,3,10,1,86,37/1,86,8.6,60,0,0,2024
89,Richard GleesonCSK,2,2,7.5,1,71,30/1,71,9.06,47,0,0,2024
90,Matt HenryLSG,4,4,12,1,110,28/1,110,9.16,72,0,0,2024
91,Amit MishraLSG,1,1,2,1,20,20/1,20,10,12,0,0,2024
92,Mayank DagarRCB,5,5,11.5,1,120,23/1,120,10.14,71,0,0,2024
93,Arshad KhanLSG,4,4,10.1,1,114,45/1,114,11.21,61,0,0,2024
94,Daryl MitchellCSK,13,2,6,1,70,18/1,70,11.66,36,0,0,2024
95,Alzarri JosephRCB,3,3,9.4,1,115,43/1,115,11.89,58,0,0,2024
96,Lizaad WilliamsDC,2,2,6,1,72,38/1,72,12,36,0,0,2024
97,Mitchell MarshDC,4,3,8,1,103,37/1,103,12.87,48,0,0,2024
98,Marco JansenSRH,3,3,10,1,129,45/1,129,12.9,60,0,0,2024
99,Yudhvir SinghLSG,2,2,4,1,52,24/1,52,13,24,0,0,2024
100,Romario ShepherdMI,6,5,12,1,159,54/1,159,13.25,72,0,0,2024
101,Shivam DubeCSK,14,1,1,1,14,14/1,14,14,6,0,0,2024
102,Washington SundarSRH,2,2,5,1,73,46/1,73,14.6,30,0,0,2024
103,Kwena MaphakaMI,2,2,6,1,89,23/1,89,14.83,36,0,0,2024
104,Luke WoodMI,2,2,6,1,93,68/1,93,15.5,36,0,0,2024
105,Akash DeepRCB,1,1,3.3,1,55,55/1,55,15.71,21,0,0,2024
1,Mohammad ShamiGT,17,17,65,28,522,4-Nov,18.64,8.03,13.92,2,0,2023
2,Mohit SharmaGT,14,14,44.1,27,361,5-Oct,13.37,8.17,9.81,2,1,2023
3,Rashid KhanGT,17,17,67,27,552,30/4,20.44,8.23,14.88,1,0,2023
4,Piyush ChawlaMI,16,16,61,22,495,22/3,22.5,8.11,16.63,0,0,2023
5,Yuzvendra ChahalRR,14,14,52.5,21,432,17/4,20.57,8.17,15.09,3,0,2023
6,Tushar DeshpandeCSK,16,16,56.5,21,564,45/3,26.85,9.92,16.23,0,0,2023
7,Ravindra JadejaCSK,16,16,57,20,431,20/3,21.55,7.56,17.1,0,0,2023
8,Varun ChakaravarthyKKR,14,14,52.4,20,429,15/4,21.45,8.14,15.8,1,0,2023
9,Mohammed SirajRCB,14,14,50,19,376,21/4,19.78,7.52,15.78,1,0,2023
10,Matheesha PathiranaCSK,12,12,46.2,19,371,15/3,19.52,8,14.63,0,0,2023
11,Arshdeep SinghPBKS,14,14,50.5,17,493,29/4,29,9.69,17.94,1,0,2023
12,Ravi BishnoiLSG,15,14,50.3,16,391,28/3,24.43,7.74,18.93,0,0,2023
13,Noor AhmadGT,13,13,47.1,16,369,37/3,23.06,7.82,17.68,0,0,2023
14,Bhuvneshwar KumarSRH,14,14,51,16,425,30/5,26.56,8.33,19.12,0,1,2023
15,Ravichandran AshwinRR,13,13,49,14,368,23/2,26.28,7.51,21,0,0,2023
16,Akash MadhwalMI,8,8,25.3,14,219,5-May,15.64,8.58,10.92,1,1,2023
17,Jason BehrendorffMI,12,12,42,14,387,23/3,27.64,9.21,18,0,0,2023
18,Harshal PatelRCB,13,13,47,14,454,32/3,32.42,9.65,20.14,0,0,2023
19,Trent BoultRR,10,10,38,13,312,29/3,24,8.21,17.53,0,0,2023
20,Deepak ChaharCSK,10,10,34,13,297,22/3,22.84,8.73,15.69,0,0,2023
21,Nathan EllisPBKS,10,10,38,13,339,30/4,26.07,8.92,17.53,1,0,2023
22,Yash ThakurLSG,9,9,31.5,13,289,37/4,22.23,9.07,14.69,1,0,2023
23,Mayank MarkandeSRH,10,10,38,12,300,15/4,25,7.89,19,1,0,2023
24,Mitchell MarshDC,9,8,20.1,12,170,27/4,14.16,8.42,10.08,1,0,2023
25,Axar PatelDC,14,13,47,11,338,13/2,30.72,7.19,25.63,0,0,2023
26,Naveen-ul-HaqLSG,8,7,28,11,219,38/4,19.9,7.82,15.27,1,0,2023
27,Sunil NarineKKR,14,14,48,11,383,33/3,34.81,7.97,26.18,0,0,2023
28,Maheesh TheekshanaCSK,13,13,49,11,392,23/2,35.63,8,26.72,0,0,2023
29,Mark WoodLSG,4,4,16,11,130,14/5,11.81,8.12,8.72,0,1,2023
30,Kuldeep YadavDC,14,14,49,10,361,15/2,36.1,7.36,29.4,0,0,2023
31,Suyash SharmaKKR,11,11,39,10,321,30/3,32.1,8.23,23.4,0,0,2023
32,Ishant SharmaDC,8,8,25,10,206,19/2,20.6,8.24,15,0,0,2023
33,Sandeep SharmaRR,12,12,46,10,396,25/2,39.6,8.6,27.6,0,0,2023
34,Anrich NortjeDC,10,10,40,10,364,20/2,36.4,9.1,24,0,0,2023
35,T NatarajanSRH,12,12,45,10,410,23/2,41,9.11,27,0,0,2023
36,Marco JansenSRH,8,8,27,10,267,16/2,26.7,9.88,16.2,0,0,2023
37,Sam CurranPBKS,14,14,47.5,10,489,31/3,48.9,10.22,28.7,0,0,2023
38,Karn SharmaRCB,7,7,21.3,10,223,19/2,22.3,10.37,12.9,0,0,2023
39,Krunal PandyaLSG,15,12,42,9,313,18/3,34.77,7.45,28,0,0,2023
40,Moeen AliCSK,15,11,26,9,195,26/4,21.66,7.5,17.33,1,0,2023
41,Harpreet BrarPBKS,13,11,27.1,9,218,30/4,24.22,8.02,18.11,1,0,2023
42,Wanindu HasarangaRCB,8,8,29,9,258,24/2,28.66,8.89,19.33,0,0,2023
43,Khaleel AhmedDC,9,9,33,9,301,24/2,33.44,9.12,22,0,0,2023
44,Wayne ParnellRCB,7,7,25.1,9,236,3-Oct,26.22,9.37,16.77,0,0,2023
45,Vyshak VijaykumarRCB,7,7,24,9,253,20/3,28.11,10.54,16,0,0,2023
46,Rahul ChaharPBKS,14,14,49.4,8,385,16/2,48.12,7.75,37.25,0,0,2023
47,Adam ZampaRR,6,6,22,8,188,22/3,23.5,8.54,16.5,0,0,2023
48,Avesh KhanLSG,9,9,29,8,283,25/3,35.37,9.75,21.75,0,0,2023
49,Amit MishraLSG,7,7,19,7,149,21/2,21.28,7.84,16.28,0,0,2023
50,Josh LittleGT,10,10,34,7,294,25/2,42,8.64,29.14,0,0,2023
51,Alzarri JosephGT,7,7,24,7,225,27/2,32.14,9.37,20.57,0,0,2023
52,Kagiso RabadaPBKS,6,6,23,7,232,34/2,33.14,10.08,19.71,0,0,2023
53,Shardul ThakurKKR,11,9,21,7,220,23/2,31.42,10.47,18,0,0,2023
54,Mukesh KumarDC,10,10,31,7,326,30/2,46.57,10.51,26.57,0,0,2023
55,Riley MeredithMI,5,5,19.4,7,207,33/2,29.57,10.52,16.85,0,0,2023
56,Andre RussellKKR,14,9,15.1,7,172,22/3,24.57,11.34,13,0,0,2023
57,Michael BracewellRCB,5,5,11,6,95,13/2,15.83,8.63,11,0,0,2023
58,Cameron GreenMI,16,16,38,6,361,41/2,60.16,9.5,38,0,0,2023
59,Harshit RanaKKR,6,6,17,5,147,33/2,29.4,8.64,20.4,0,0,2023
60,Kumar Kartikeya SinghMI,8,8,26,5,227,37/2,45.4,8.73,31.2,0,0,2023
61,Vaibhav AroraKKR,5,5,16,5,146,30/2,29.2,9.12,19.2,0,0,2023
62,Marcus StoinisLSG,15,5,10.5,5,100,20/2,20,9.23,13,0,0,2023
63,Akash SinghCSK,6,6,19,5,188,40/2,37.6,9.89,22.8,0,0,2023
64,Umran MalikSRH,8,8,20,5,217,32/2,43.4,10.85,24,0,0,2023
65,Arshad KhanMI,6,6,14.1,5,190,39/3,38,13.41,17,0,0,2023
66,Fazalhaq FarooqiSRH,4,4,13.2,4,117,41/2,29.25,8.77,20,0,0,2023
67,Jason HolderRR,8,8,28.3,4,284,29/2,71,9.96,42.75,0,0,2023
68,Mitchell SantnerCSK,3,3,12,3,81,28/2,27,6.75,24,0,0,2023
69,David WilleyRCB,4,4,15,3,105,16/2,35,7,30,0,0,2023
70,Krishnappa GowthamLSG,7,6,16,3,118,1-Oct,39.33,7.37,32,0,0,2023
71,Anukul RoyKKR,4,3,8,3,65,19/2,21.66,8.12,16,0,0,2023
72,Washington SundarSRH,7,7,17.4,3,146,28/3,48.66,8.26,35.33,0,0,2023
73,Josh HazlewoodRCB,3,3,9,3,76,15/2,25.33,8.44,18,0,0,2023
74,Nitish RanaKKR,14,6,8.5,3,75,17/2,25,8.49,17.66,0,0,2023
75,Yudhvir SinghLSG,3,3,8,3,71,20/2,23.66,8.87,16,0,0,2023
76,Glenn MaxwellRCB,14,7,10.2,3,94,1-Mar,31.33,9.09,20.66,0,0,2023
77,Hardik PandyaGT,16,11,25,3,228,1-Oct,76,9.12,50,0,0,2023
78,Arjun TendulkarMI,4,4,9.5,3,92,1-Sep,30.66,9.35,19.66,0,0,2023
79,Hrithik ShokeenMI,8,8,19,3,187,34/2,62.33,9.84,38,0,0,2023
80,Asif K MRR,4,4,14,3,138,42/2,46,9.85,28,0,0,2023
81,Sikandar RazaPBKS,7,6,12,3,119,19/1,39.66,9.91,24,0,0,2023
82,Rajvardhan HangargekarCSK,2,2,6,3,60,36/3,20,10,12,0,0,2023
83,Mohsin KhanLSG,5,4,10,3,107,24/1,35.66,10.7,20,0,0,2023
84,Chris JordanMI,6,6,22,3,237,1-Jul,79,10.77,44,0,0,2023
85,Chetan SakariyaDC,2,2,8,3,89,53/2,29.66,11.12,16,0,0,2023
86,Navdeep SainiRR,2,2,6,3,74,40/3,24.66,12.33,12,0,0,2023
87,Adil RashidSRH,2,2,7,2,56,23/2,28,8,21,0,0,2023
88,Lalit YadavDC,6,4,13,2,118,29/1,59,9.07,39,0,0,2023
89,Jofra ArcherMI,5,5,20,2,190,35/1,95,9.5,60,0,0,2023
90,Kuldip YadavRR,2,2,7,2,68,18/1,34,9.71,21,0,0,2023
91,Abhishek SharmaSRH,11,5,12,2,124,26/1,62,10.33,36,0,0,2023
92,Yash DayalGT,5,5,14,2,165,31/1,82.5,11.78,42,0,0,2023
93,Tim SoutheeKKR,2,2,6,2,79,54/2,39.5,13.16,18,0,0,2023
94,Liam LivingstonePBKS,9,5,7,2,94,19/1,47,13.42,21,0,0,2023
95,Kulwant KhejroliyaKKR,2,2,4.2,2,64,44/2,32,14.76,13,0,0,2023
96,Praveen DubeyDC,1,1,3,1,19,19/1,19,6.33,18,0,0,2023
97,Glenn PhillipsSRH,5,2,3,1,20,1-Oct,20,6.66,18,0,0,2023
98,Reece TopleyRCB,1,1,2,1,14,14/1,14,7,12,0,0,2023
99,Tristan StubbsMI,2,1,2,1,14,14/1,14,7,12,0,0,2023
100,Mayank DagarSRH,3,3,11,1,83,37/1,83,7.54,66,0,0,2023
101,Sisanda MagalaCSK,2,2,6,1,51,37/1,51,8.5,36,0,0,2023
102,Aiden MarkramSRH,13,6,8.1,1,70,24/1,70,8.57,49,0,0,2023
103,Rishi DhawanPBKS,6,4,7,1,60,20/1,60,8.57,42,0,0,2023
104,Rovman PowellDC,3,1,2,1,18,18/1,18,9,12,0,0,2023
105,Umesh YadavKKR,8,8,19,1,189,27/1,189,9.94,114,0,0,2023
106,Akeal HoseinSRH,1,1,4,1,40,40/1,40,10,24,0,0,2023
107,Darshan NalkandeGT,1,1,4,1,44,44/1,44,11,24,0,0,2023
108,Mustafizur RahmanDC,2,2,7,1,79,38/1,79,11.28,42,0,0,2023
109,Akash DeepRCB,2,2,5,1,59,29/1,59,11.8,30,0,0,2023
110,Lockie FergusonKKR,3,3,7.4,1,96,19/1,96,12.52,46,0,0,2023
111,Duan JansenMI,1,1,4,1,53,53/1,53,13.25,24,0,0,2023
112,Shahbaz AhmedRCB,10,5,7,1,95,38/1,95,13.57,42,0,0,2023
113,Kartik TyagiSRH,3,3,6.1,1,92,30/1,92,14.91,37,0,0,2023
1,Yuzvendra ChahalRR,17,17,68,27,527,40/5,19.51,7.75,15.11,1,1,2022
2,Wanindu HasarangaRCB,16,16,57,26,430,18/5,16.53,7.54,13.15,1,1,2022
3,Kagiso RabadaPBKS,13,13,48,23,406,33/4,17.65,8.45,12.52,2,0,2022
4,Umran MalikSRH,14,14,49.1,22,444,25/5,20.18,9.03,13.4,1,1,2022
5,Kuldeep YadavDC,14,14,49.4,21,419,14/4,19.95,8.43,14.19,2,0,2022
6,Mohammad ShamiGT,16,16,61,20,488,25/3,24.4,8,18.3,0,0,2022
7,Josh HazlewoodRCB,12,12,46.3,20,377,25/4,18.85,8.1,13.95,1,0,2022
8,Rashid KhanGT,16,16,63.5,19,421,24/4,22.15,6.59,20.15,1,0,2022
9,Harshal PatelRCB,15,15,53.3,19,410,34/4,21.57,7.66,16.89,1,0,2022
10,Prasidh KrishnaRR,17,17,66.3,19,551,22/3,29,8.28,21,0,0,2022
11,Avesh KhanLSG,13,13,47.4,18,416,24/4,23.11,8.72,15.88,1,0,2022
12,T NatarajanSRH,11,11,43,18,406,3-Oct,22.55,9.44,14.33,0,0,2022
13,Andre RussellKKR,14,13,28.1,17,278,4-May,16.35,9.86,9.94,1,0,2022
14,Umesh YadavKKR,12,12,48,16,339,23/4,21.18,7.06,18,1,0,2022
15,Trent BoultRR,16,16,62,16,492,18/2,30.75,7.93,23.25,0,0,2022
16,Khaleel AhmedDC,10,10,39.1,16,315,25/3,19.68,8.04,14.68,0,0,2022
17,Dwayne BravoCSK,10,10,34.2,16,299,20/3,18.68,8.7,12.87,0,0,2022
18,Mukesh ChoudharyCSK,13,13,45.3,16,424,46/4,26.5,9.31,17.06,1,0,2022
19,Jasprit BumrahMI,14,14,53.2,15,383,5-Oct,25.53,7.18,21.33,0,1,2022
20,Shardul ThakurDC,14,14,48.2,15,473,36/4,31.53,9.78,19.33,1,0,2022
21,Mohsin KhanLSG,9,9,33,14,197,16/4,14.07,5.96,14.14,1,0,2022
22,Rahul ChaharPBKS,13,13,46.4,14,360,25/3,25.71,7.71,20,0,0,2022
23,Tim SoutheeKKR,9,9,35,14,275,20/3,19.64,7.85,15,0,0,2022
24,Jason HolderLSG,12,12,41.3,14,391,31/3,27.92,9.42,17.78,0,0,2022
25,Ravi BishnoiLSG,14,14,54,13,456,22/2,35.07,8.44,24.92,0,0,2022
26,Daniel SamsMI,11,11,42,13,370,30/4,28.46,8.8,19.38,1,0,2022
27,Bhuvneshwar KumarSRH,14,14,52.1,12,383,22/3,31.91,7.34,26.08,0,0,2022
28,Maheesh TheekshanaCSK,9,9,35,12,261,33/4,21.75,7.45,17.5,1,0,2022
29,Ravichandran AshwinRR,17,17,67,12,503,17/3,41.91,7.5,33.5,0,0,2022
30,Lockie FergusonGT,13,13,47.4,12,427,28/4,35.58,8.95,23.83,1,0,2022
31,Obed McCoyRR,7,7,25.5,11,237,23/3,21.54,9.17,14.09,0,0,2022
32,Yash DayalGT,9,9,32,11,296,40/3,26.9,9.25,17.45,0,0,2022
33,Krunal PandyaLSG,14,12,38,10,265,19/3,26.5,6.97,22.8,0,0,2022
34,Arshdeep SinghPBKS,14,14,50,10,385,37/3,38.5,7.7,30,0,0,2022
35,Sunil NarineKKR,14,14,56,9,312,21/2,34.66,5.57,37.33,0,0,2022
36,Murugan AshwinMI,8,8,29,9,228,14/2,25.33,7.86,19.33,0,0,2022
37,Dushmantha ChameeraLSG,12,12,44,9,384,17/2,42.66,8.72,29.33,0,0,2022
38,Anrich NortjeDC,6,6,22.2,9,217,42/3,24.11,9.71,14.88,0,0,2022
39,Mohammed SirajRCB,15,15,51,9,514,30/2,57.11,10.07,34,0,0,2022
40,Moeen AliCSK,10,10,23.5,8,158,13/3,19.75,6.62,17.87,0,0,2022
41,Hardik PandyaGT,15,10,30.3,8,222,17/3,27.75,7.27,22.87,0,0,2022
42,Mustafizur RahmanDC,8,8,32,8,244,18/3,30.5,7.62,24,0,0,2022
43,Riley MeredithMI,8,8,28,8,236,24/2,29.5,8.42,21,0,0,2022
44,Kuldeep SenRR,7,7,25.1,8,237,20/4,29.62,9.41,18.87,1,0,2022
45,Jagadeesha SuchithSRH,5,5,18,7,140,2-Dec,20,7.77,15.42,0,0,2022
46,Marco JansenSRH,8,8,32,7,274,25/3,39.14,8.56,27.42,0,0,2022
47,Alzarri JosephGT,9,9,30,7,264,34/2,37.71,8.8,25.71,0,0,2022
48,Pat CumminsKKR,5,5,19.5,7,212,22/3,30.28,10.68,17,0,0,2022
49,Glenn MaxwellRCB,13,10,24,6,165,22/2,27.5,6.87,24,0,0,2022
50,Axar PatelDC,13,13,43,6,321,2-Oct,53.5,7.46,43,0,0,2022
51,Sai KishoreGT,5,5,16,6,121,2-Jul,20.16,7.56,16,0,0,2022
52,Rishi DhawanPBKS,6,6,19,6,156,36/2,26,8.21,19,0,0,2022
53,Varun ChakaravarthyKKR,11,11,39,6,332,22/1,55.33,8.51,39,0,0,2022
54,Washington SundarSRH,9,8,28,6,239,21/2,39.83,8.53,28,0,0,2022
55,Liam LivingstonePBKS,14,12,23,6,202,27/3,33.66,8.78,23,0,0,2022
56,Ramandeep SinghMI,5,3,6,6,54,20/3,9,9,6,0,0,2022
57,Jaydev UnadkatMI,5,5,20,6,190,32/2,31.66,9.5,20,0,0,2022
58,Dwaine PretoriusCSK,6,6,21,6,210,30/2,35,10,21,0,0,2022
59,Tymal MillsMI,5,5,17,6,190,35/3,31.66,11.17,17,0,0,2022
60,Odean SmithPBKS,6,6,15,6,178,30/4,29.66,11.86,15,1,0,2022
61,Ravindra JadejaCSK,10,10,33,5,248,39/3,49.6,7.51,39.6,0,0,2022
62,Kumar Kartikeya SinghMI,4,4,13,5,102,22/2,20.4,7.84,15.6,0,0,2022
63,Krishnappa GowthamLSG,4,4,12,5,99,30/2,19.8,8.25,14.4,0,0,2022
64,Basil ThampiMI,5,5,16,5,152,35/3,30.4,9.5,19.2,0,0,2022
65,Shivam MaviKKR,6,6,22,5,227,33/1,45.4,10.31,26.4,0,0,2022
66,Akash DeepRCB,5,5,18.5,5,205,45/3,41,10.88,22.6,0,0,2022
67,Mitchell SantnerCSK,6,6,19,4,130,15/1,32.5,6.84,28.5,0,0,2022
68,Simarjeet SinghCSK,6,6,18,4,138,27/2,34.5,7.66,27,0,0,2022
69,Lalit YadavDC,12,8,18,4,150,2-Nov,37.5,8.33,27,0,0,2022
70,Mitchell MarshDC,8,4,12,4,102,25/2,25.5,8.5,18,0,0,2022
71,Kieron PollardMI,11,6,14,4,125,2-Aug,31.25,8.92,21,0,0,2022
72,Harpreet BrarPBKS,5,5,16,4,146,26/3,36.5,9.12,24,0,0,2022
73,Shahbaz AhmedRCB,16,14,35,4,336,26/2,84,9.6,52.5,0,0,2022
74,Marcus StoinisLSG,11,5,7,4,79,23/3,19.75,11.28,10.5,0,0,2022
75,Pradeep SangwanGT,3,3,9,3,65,19/2,21.66,7.22,18,0,0,2022
76,Chetan SakariyaDC,3,3,11,3,84,23/2,28,7.63,22,0,0,2022
77,Nathan EllisPBKS,2,2,6,3,55,40/3,18.33,9.16,12,0,0,2022
78,Vaibhav AroraPBKS,5,5,17.5,3,164,21/2,54.66,9.19,35.66,0,0,2022
79,Romario ShepherdSRH,3,3,9,3,98,42/2,32.66,10.88,18,0,0,2022
80,Navdeep SainiRR,2,2,6,3,72,36/2,24,12,12,0,0,2022
81,Ayush BadoniLSG,13,2,2,2,11,1-May,5.5,5.5,6,0,0,2022
82,Prashant SolankiCSK,2,2,6,2,38,20/2,19,6.33,18,0,0,2022
83,Matheesha PathiranaCSK,2,2,6.5,2,52,24/2,26,7.6,20.5,0,0,2022
84,Sandeep SharmaPBKS,5,5,20,2,153,18/1,76.5,7.65,60,0,0,2022
85,Hrithik ShokeenMI,5,5,15,2,127,47/2,63.5,8.46,45,0,0,2022
86,Fazalhaq FarooqiSRH,3,3,12,2,110,32/2,55,9.16,36,0,0,2022
87,Andrew TyeLSG,3,3,11,2,107,40/2,53.5,9.72,33,0,0,2022
88,Varun AaronGT,2,2,5,2,52,45/2,26,10.4,15,0,0,2022
89,Chris JordanCSK,4,4,12.5,2,135,23/2,67.5,10.51,38.5,0,0,2022
90,Darshan NalkandeGT,2,2,5.1,2,59,37/2,29.5,11.41,15.5,0,0,2022
91,David WilleyRCB,4,4,11,1,72,29/1,72,6.54,66,0,0,2022
92,Anukul RoyKKR,2,2,7,1,55,28/1,55,7.85,42,0,0,2022
93,Mayank MarkandeMI,2,2,7,1,57,26/1,57,8.14,42,0,0,2022
94,Tushar DeshpandeCSK,2,2,7,1,63,40/1,63,9,42,0,0,2022
95,Kartik TyagiSRH,2,2,8,1,79,42/1,79,9.87,48,0,0,2022
96,Harshit RanaKKR,2,2,5,1,51,24/1,51,10.2,30,0,0,2022
97,Aiden MarkramSRH,14,4,6,1,64,1-Aug,64,10.66,36,0,0,2022
98,Deepak HoodaLSG,15,2,4,1,43,31/1,43,10.75,24,0,0,2022
99,Shreyas GopalSRH,1,1,3,1,34,34/1,34,11.33,18,0,0,2022
100,Fabian AllenMI,1,1,4,1,46,46/1,46,11.5,24,0,0,2022
101,Sean AbbottSRH,1,1,4,1,47,47/1,47,11.75,24,0,0,2022
102,Riyan ParagRR,17,4,4,1,59,1-Dec,59,14.75,24,0,0,2022
103,Dewald BrevisMI,7,1,0.3,1,8,1-Aug,8,16,3,0,0,2022
1,Harshal PatelRCB,15,15,56,32,459,27-May,14.34,8.14,10.56,1,1,2021
2,Avesh KhanDC,16,16,61,24,450,13-Mar,18.75,7.37,15.25,0,0,2021
3,Jasprit BumrahMI,14,14,55,21,410,14-Apr,19.52,7.45,15.71,0,0,2021
4,Shardul ThakurCSK,16,16,60,21,527,19-Mar,25.09,8.8,17.09,0,0,2021
5,Mohammad ShamiPBKS,14,14,52,19,395,15-Mar,20.78,7.5,16.63,0,0,2021
6,Rashid KhanSRH,14,14,56,18,375,19-Mar,20.83,6.69,18.66,0,0,2021
7,Arshdeep SinghPBKS,12,12,41,18,342,May-32,19,8.27,13.77,0,1,2021
8,Varun ChakaravarthyKKR,17,17,68,18,448,20-May,24.88,6.58,22.66,0,0,2021
9,Yuzvendra ChahalRCB,15,15,53,18,374,25-Apr,20.77,7.05,17.66,0,0,2021
10,Jason HolderSRH,8,8,32,16,247,Apr-52,15.43,7.75,11.93,1,0,2021
11,Sunil NarineKKR,14,14,56,16,361,19-May,22.56,6.44,21,1,0,2021
12,Chris MorrisRR,11,11,41,15,376,23-Apr,25.06,9.17,16.4,1,0,2021
13,Axar PatelDC,12,12,46,15,306,21-Apr,20.4,6.65,18.4,0,0,2021
14,Kagiso RabadaDC,15,15,56,15,456,21-Apr,30.4,8.14,22.4,0,0,2021
15,Chetan SakariyaRR,14,14,52,14,426,31-Mar,30.42,8.19,22.28,0,0,2021
16,Deepak ChaharCSK,15,15,54,14,451,13-Apr,32.21,8.35,23.14,2,0,2021
17,Dwayne BravoCSK,11,11,33,14,263,22-Apr,18.78,7.81,14.42,0,0,2021
18,Mustafizur RahmanRR,14,14,52,14,436,16-Mar,31.14,8.41,22.21,0,0,2021
19,Ravindra JadejaCSK,16,16,49,13,346,16-May,26.61,7.06,22.61,0,0,2021
20,Lockie FergusonKKR,8,8,30,13,224,15-Mar,17.23,7.46,13.84,0,0,2021
21,Trent BoultMI,14,14,51,13,406,18-Apr,31.23,7.9,23.69,0,0,2021
22,Rahul ChaharMI,11,11,43,13,318,27-Apr,24.46,7.39,19.84,1,0,2021
23,Ravi BishnoiPBKS,9,9,35,12,222,24-Mar,18.5,6.34,17.5,0,0,2021
24,Anrich NortjeDC,8,8,30,12,187,Mar-33,15.58,6.16,15.16,0,0,2021
25,Prasidh KrishnaKKR,10,10,38,12,351,30-Apr,29.25,9.11,19.25,0,0,2021
26,Shivam MaviKKR,9,9,32,11,233,21-Apr,21.18,7.24,17.54,1,0,2021
27,Josh HazlewoodCSK,9,9,35,11,293,24-Mar,26.63,8.37,19.09,0,0,2021
28,Mohammed SirajRCB,15,15,52,11,353,Apr-32,32.09,6.78,28.36,0,0,2021
29,Andre RussellKKR,10,8,19,11,188,15-May,17.09,9.89,10.36,0,1,2021
30,Pat CumminsKKR,7,7,27,9,237,Apr-34,26.33,8.83,17.88,0,0,2021
31,Sam CurranCSK,9,9,33,9,328,11-Apr,36.44,9.93,22,0,0,2021
32,Kyle JamiesonRCB,9,9,28,9,269,Mar-41,29.88,9.6,18.66,0,0,2021
33,Rahul TewatiaRR,14,13,37,8,340,18-Mar,42.5,9.18,27.75,0,0,2021
34,Siddarth KaulSRH,8,8,30,7,247,29-Apr,35.28,8.23,25.71,0,0,2021
35,Nathan Coulter-NileMI,5,5,20,7,127,14-Apr,18.14,6.35,17.14,1,0,2021
36,Ravichandran AshwinDC,13,13,44,7,331,Apr-34,47.28,7.41,38.28,0,0,2021
37,Shahbaz AhmedRCB,11,6,14,7,92,7-Mar,13.14,6.57,12,0,0,2021
38,Amit MishraDC,4,4,14,6,109,17-May,18.16,7.78,14,1,0,2021
39,Bhuvneshwar KumarSRH,11,11,42,6,335,19-May,55.83,7.97,42,0,0,2021
40,Moeen AliCSK,15,10,25,6,161,7-Mar,26.83,6.35,25.33,0,0,2021
41,Lungi Ngidi CSK,3,3,12,5,125,10-Apr,25,10.41,14.4,0,0,2021
42,Chris WoakesDC,3,3,11,5,82,Mar-36,16.4,7.45,13.2,0,0,2021
43,Krunal PandyaMI,13,12,33,5,265,14-Mar,53,7.98,39.8,0,0,2021
44,Jimmy NeeshamMI,3,3,9,5,66,12-Mar,13.2,7.33,10.8,0,0,2021
45,Harpreet BrarPBKS,7,7,23,5,139,19-Mar,27.8,6.04,27.6,0,0,2021
46,Kieron PollardMI,14,9,13,5,95,Apr-44,19,7.21,15.8,0,0,2021
47,Khaleel AhmedSRH,7,7,27,5,219,21-Mar,43.8,8.11,32.4,0,0,2021
48,Abhishek SharmaSRH,8,6,10,4,64,4-Feb,16,6.4,15,0,0,2021
49,Lalit YadavDC,7,5,14,4,101,13-Feb,25.25,7.21,21,0,0,2021
50,Jaydev UnadkatRR,6,6,22,4,168,25-May,42,7.63,33,0,0,2021
51,Tom CurranDC,3,3,11,4,104,29-Mar,26,9.17,17,0,0,2021
52,Chris JordanPBKS,4,4,12,4,96,11-Apr,24,8,18,0,0,2021
53,Kartik TyagiRR,4,4,14,4,124,Feb-29,31,8.85,21,0,0,2021
54,Moises HenriquesPBKS,5,5,10,4,45,12-Mar,11.25,4.5,15,0,0,2021
55,Dan ChristianRCB,9,9,16,4,155,10-Feb,38.75,9.3,25,0,0,2021
56,Riley MeredithPBKS,5,5,17,4,169,29-Jan,42.25,9.94,25.5,0,0,2021
57,Shakib Al HasanKKR,8,8,26,4,187,17-Mar,46.75,7.19,39,0,0,2021
58,Washington SundarRCB,6,6,16,3,118,16-Mar,39.33,7.37,32,0,0,2021
59,Venkatesh IyerKKR,10,4,8,3,69,Feb-29,23,8.11,17,0,0,2021
60,Sandeep SharmaSRH,7,7,23,3,203,20-Apr,67.66,8.63,47,0,0,2021
61,Adam MilneMI,4,4,14,3,131,21-Feb,43.66,9.35,28,0,0,2021
62,Tim SoutheeKKR,3,3,12,3,95,24-Mar,31.66,7.91,24,0,0,2021
63,Vijay ShankarSRH,7,5,11,3,100,19-Feb,33.33,9.09,22,0,0,2021
64,Jhye RichardsonPBKS,3,3,11,3,117,Feb-41,39,10.63,22,0,0,2021
65,Glenn MaxwellRCB,15,6,16,3,135,15-Feb,45,8.43,32,0,0,2021
66,George GartonRCB,5,5,15,3,135,27-Jan,45,9,30,0,0,2021
67,T NatarajanSRH,2,2,8,2,69,24-Feb,34.5,8.62,24,0,0,2021
68,Jayant YadavMI,5,5,17,2,130,23-Jan,65,7.64,51,0,0,2021
69,Imran TahirCSK,1,1,4,2,16,12-Apr,8,4,12,0,0,2021
70,Umran MalikSRH,3,3,12,2,96,21-Jan,48,8,36,0,0,2021
71,Marco JansenMI,2,2,6,2,45,28-Feb,22.5,7.5,18,0,0,2021
72,Marcus StoinisDC,10,8,11,2,117,15-Apr,58.5,10.47,33.5,0,0,2021
73,Mohammad NabiSRH,3,3,8,2,86,11-Apr,43,10.75,24,0,0,2021
74,Mujeeb Ur RahmanSRH,1,1,4,2,29,27-Mar,14.5,7.25,12,0,0,2021
75,Deepak HoodaPBKS,12,7,16,2,136,16-Feb,68,8.5,48,0,0,2021
76,Fabian AllenPBKS,4,3,11,1,90,22-Jan,90,8.18,66,0,0,2021
77,Glenn PhillipsRR,3,2,2,1,20,17-Jan,20,10,12,0,0,2021
78,Piyush ChawlaMI,1,1,4,1,38,17-Apr,38,9.5,24,0,0,2021
79,Ishan PorelPBKS,1,1,4,1,39,Jan-39,39,9.75,24,0,0,2021
80,Daniel SamsRCB,2,2,6,1,39,24-Jan,39,6.5,36,0,0,2021
81,Ishant SharmaDC,3,3,12,1,97,12-May,97,8.08,72,0,0,2021
82,Kane RichardsonRCB,1,1,3,1,29,13-Mar,29,9.66,18,0,0,2021
83,KM AsifCSK,1,1,2,1,18,Feb-43,18,8.3,13,0,0,2021
84,Shahbaz NadeemSRH,1,1,4,1,36,16-Mar,36,9,24,0,0,2021
85,Lukman MeriwalaDC,1,1,3,1,32,Jan-32,32,10.66,18,0,0,2021
86,Mahipal LomrorRR,4,4,7,1,47,22-Jan,47,6.71,42,0,0,2021
87,Riyan ParagRR,11,6,6,1,73,10-Jan,73,11.83,37,0,0,2021
88,Murugan AshwinPBKS,3,3,11,1,97,21-Mar,97,8.81,66,0,0,2021
89,Nathan EllisPBKS,3,3,12,1,98,20-Jan,98,8.16,72,0,0,2021
1,Kagiso RabadaDC,17,17,65,30,548,21-Apr,18.26,8.34,13.13,2,0,2020
2,Jasprit BumrahMI,15,15,60,27,404,14-Apr,14.96,6.73,13.33,2,0,2020
3,Trent BoultMI,15,15,57,25,457,18-Apr,18.28,7.97,13.76,1,0,2020
4,Anrich NortjeDC,16,16,61,22,512,Mar-33,23.27,8.39,16.63,0,0,2020
5,Yuzvendra ChahalRCB,15,15,57,21,405,25-Apr,19.28,7.08,16.33,0,0,2020
6,Mohammad ShamiPBKS,14,14,53,20,460,15-Mar,23,8.57,16.1,0,0,2020
7,Jofra ArcherRR,14,14,55,20,365,15-Mar,18.25,6.55,16.7,0,0,2020
8,Rashid KhanSRH,16,16,64,20,344,19-Mar,17.2,5.37,19.2,0,0,2020
9,Varun ChakaravarthyKKR,13,13,52,17,356,20-May,20.94,6.84,18.35,0,1,2020
10,T NatarajanSRH,16,16,63,16,504,24-Feb,31.5,8.02,23.56,0,0,2020
11,Rahul ChaharMI,15,15,53,15,433,27-Apr,28.86,8.16,21.2,0,0,2020
12,Jason HolderSRH,7,7,28,14,233,Apr-52,16.64,8.32,12,0,0,2020
13,Sandeep SharmaSRH,13,13,52,14,374,20-Apr,26.71,7.19,22.28,0,0,2020
14,Marcus StoinisDC,17,13,29,13,283,15-Apr,21.76,9.53,13.69,0,0,2020
15,Ravichandran AshwinDC,15,15,51,13,391,Apr-34,30.07,7.66,23.53,0,0,2020
16,Sam CurranCSK,14,13,42,13,344,11-Apr,26.46,8.19,19.38,0,0,2020
17,Pat CumminsKKR,14,14,52,12,409,Apr-34,34.08,7.86,26,1,0,2020
18,Ravi BishnoiPBKS,14,14,51,12,376,24-Mar,31.33,7.37,25.5,0,0,2020
19,Deepak ChaharCSK,14,14,52,12,396,13-Apr,33,7.61,26,0,0,2020
20,Mohammed SirajRCB,9,9,27,11,236,Apr-32,21.45,8.68,14.81,0,0,2020
21,James PattinsonMI,10,10,35,11,320,19-Feb,29.09,9.01,19.36,0,0,2020
22,Chris MorrisRCB,9,9,31,11,210,23-Apr,19.09,6.63,17.27,1,0,2020
23,Shreyas GopalRR,14,14,50,10,427,16-Apr,42.7,8.54,30,0,0,2020
24,Murugan AshwinPBKS,9,9,31,10,235,21-Mar,23.5,7.46,18.9,0,0,2020
25,Shardul ThakurCSK,9,9,32,10,275,19-Mar,27.5,8.5,19.4,0,0,2020
26,Rahul TewatiaRR,14,14,46,10,326,18-Mar,32.6,7.08,27.6,0,0,2020
27,Lungi Ngidi CSK,4,4,16,9,167,10-Apr,18.55,10.43,10.66,0,0,2020
28,Kartik TyagiRR,10,10,38,9,367,Feb-29,40.77,9.61,25.44,0,0,2020
29,Arshdeep SinghPBKS,8,8,25,9,218,May-32,24.22,8.77,16.55,0,0,2020
30,Axar PatelDC,15,15,51,9,327,21-Apr,36.33,6.41,34,0,0,2020
31,Shivam MaviKKR,8,8,26,9,212,21-Apr,23.55,8.15,17.33,0,0,2020
32,Chris JordanPBKS,9,9,31,9,304,11-Apr,33.77,9.65,21,0,0,2020
33,Khaleel AhmedSRH,7,7,25,8,242,21-Mar,30.25,9.42,19.25,0,0,2020
34,Isuru UdanaRCB,10,10,29,8,282,Feb-41,35.25,9.72,21.75,0,0,2020
35,Washington SundarRCB,15,15,50,8,298,16-Mar,37.25,5.96,37.5,0,0,2020
36,Piyush ChawlaCSK,7,7,21,6,191,17-Apr,31.83,9.09,21,0,0,2020
37,Navdeep SainiRCB,13,13,45,6,379,24-Feb,63.16,8.29,45.66,0,0,2020
38,Sheldon CottrellPBKS,6,6,20,6,176,17-Feb,29.33,8.8,20,0,0,2020
39,Lockie FergusonKKR,5,5,20,6,148,15-Mar,24.66,7.46,19.83,0,0,2020
40,Ravindra JadejaCSK,14,13,36,6,318,16-May,53,8.75,36.33,0,0,2020
41,Krunal PandyaMI,16,16,50,6,380,14-Mar,63.33,7.57,50.16,0,0,2020
42,Dwayne BravoCSK,6,6,21,6,180,22-Apr,30,8.57,21,0,0,2020
43,Andre RussellKKR,10,7,18,6,175,15-May,29.16,9.72,18,0,0,2020
44,Shahbaz NadeemSRH,7,7,22,5,178,16-Mar,35.6,8.09,26.4,0,0,2020
45,Nathan Coulter-NileMI,7,7,26,5,206,14-Apr,41.2,7.92,31.2,0,0,2020
46,Karn SharmaCSK,5,5,19,5,165,16-Apr,33,8.68,22.8,0,0,2020
47,Kamlesh NagarkotiKKR,10,9,26,5,231,13-Feb,46.2,8.88,31.2,0,0,2020
48,Sunil NarineKKR,10,10,38,5,302,19-May,60.4,7.94,45.6,0,0,2020
49,Vijay ShankarSRH,7,5,13,4,82,19-Feb,20.5,6.22,19.75,0,0,2020
50,Shivam DubeRCB,11,5,9,4,73,15-Feb,18.25,8.11,13.5,0,0,2020
51,Kieron PollardMI,16,11,21,4,190,Apr-44,47.5,9.04,31.5,0,0,2020
52,Prasidh KrishnaKKR,6,6,17,4,164,30-Apr,41,9.37,26.25,0,0,2020
53,Jaydev UnadkatRR,7,7,23,4,228,25-May,57,9.91,34.5,0,0,2020
54,Bhuvneshwar KumarSRH,4,4,14,3,99,19-May,33,6.98,28.33,0,0,2020
55,Glenn MaxwellPBKS,13,7,21,3,169,15-Feb,56.33,8.04,42,0,0,2020
56,Harshal PatelDC,5,5,15,3,134,27-May,44.66,8.93,30,0,0,2020
57,Tom CurranRR,5,5,18,3,208,29-Mar,69.33,11.44,36.33,0,0,2020
58,Tushar DeshpandeDC,5,5,17,3,192,Feb-37,64,11.29,34,0,0,2020
59,Amit MishraDC,3,3,10,3,72,17-May,24,7.2,20,0,0,2020
60,Ankit RajpootRR,6,6,17,2,199,14-May,99.5,11.7,51,0,0,2020
61,Siddarth KaulSRH,1,1,4,2,64,29-Apr,32,16,12,0,0,2020
62,Ben StokesRR,8,6,15,2,154,15-Mar,77,10.26,45,0,0,2020
63,Adam ZampaRCB,3,3,11,2,92,19-Jun,46,8.36,33,0,0,2020
64,Abhishek SharmaSRH,8,6,10,2,91,4-Feb,45.5,9.1,30,0,0,2020
65,Shahbaz AhmedRCB,2,2,6,2,44,7-Mar,22,7.33,18,0,0,2020
66,Jimmy NeeshamPBKS,5,5,15,2,148,12-Mar,74,9.86,45,0,0,2020
67,Mitchell SantnerCSK,2,2,7,2,53,13-Feb,26.5,7.57,21,0,0,2020
68,Dale SteynRCB,3,3,11,1,133,11-Mar,133,11.4,70,0,0,2020
69,Basil ThampiSRH,1,1,4,1,46,29-Mar,46,11.5,24,0,0,2020
70,Imran TahirCSK,3,3,11,1,76,12-Apr,76,6.9,66,0,0,2020
71,Jayant YadavMI,2,2,7,1,43,23-Jan,43,6.14,42,0,0,2020
72,Andrew TyeRR,1,1,4,1,50,17-May,50,12.5,24,0,0,2020
73,Josh HazlewoodCSK,3,3,10,1,64,24-Mar,64,6.4,60,0,0,2020
74,Mohit SharmaDC,1,1,4,1,45,14-Apr,45,11.25,24,0,0,2020
75,Krishnappa GowthamPBKS,2,2,8,1,84,12-Feb,84,10.5,48,0,0,2020
76,Moeen AliRCB,3,3,5,1,42,7-Mar,42,8.4,30,0,0,2020
77,Kuldeep YadavKKR,5,4,12,1,92,20-Apr,92,7.66,72,0,0,2020
78,Abdul SamadSRH,12,3,7,1,96,Jan-41,96,13.71,42,0,0,2020
1,Imran TahirCSK,17,17,64,26,431,12-Apr,16.57,6.69,14.84,2,0,2019
2,Kagiso RabadaDC,12,12,47,25,368,21-Apr,14.72,7.82,11.28,2,0,2019
3,Deepak ChaharCSK,17,17,64,22,482,13-Apr,21.9,7.47,17.59,0,0,2019
4,Shreyas GopalRR,14,14,48,20,347,16-Apr,17.35,7.22,14.4,0,0,2019
5,Mohammad ShamiPBKS,14,14,54,19,469,15-Mar,24.68,8.68,17.05,0,0,2019
6,Khaleel AhmedSRH,9,9,35,19,287,21-Mar,15.1,8.23,11,0,0,2019
7,Jasprit BumrahMI,16,16,61,19,409,14-Apr,21.52,6.63,19.47,0,0,2019
8,Yuzvendra ChahalRCB,14,14,49,18,386,25-Apr,21.44,7.82,16.44,1,0,2019
9,Rashid KhanSRH,15,15,60,17,377,19-Mar,22.17,6.28,21.17,0,0,2019
10,Lasith MalingaMI,12,12,45,16,438,13-May,27.37,9.76,16.81,2,0,2019
11,Harbhajan SinghCSK,11,11,44,16,312,18-May,19.5,7.09,16.5,0,0,2019
12,Ravichandran AshwinPBKS,14,14,55,15,400,Apr-34,26.66,7.27,22,0,0,2019
13,Ravindra JadejaCSK,16,16,54,15,343,16-May,22.86,6.35,21.6,0,0,2019
14,Hardik PandyaMI,16,16,42,14,390,20-Mar,27.85,9.17,18.21,0,0,2019
15,Chris MorrisDC,9,9,33,13,306,23-Apr,23.53,9.27,15.23,0,0,2019
16,Rahul ChaharMI,13,13,47,13,308,27-Apr,23.69,6.55,21.69,0,0,2019
17,Ishant SharmaDC,13,13,46,13,349,12-May,26.84,7.58,21.23,0,0,2019
18,Bhuvneshwar KumarSRH,15,15,59,13,461,19-May,35.46,7.81,27.23,0,0,2019
19,Krunal PandyaMI,16,16,46,12,335,14-Mar,27.91,7.28,23,0,0,2019
20,Sandeep SharmaSRH,11,11,42,12,352,20-Apr,29.33,8.25,21.33,0,0,2019
21,Dwayne BravoCSK,12,12,41,11,330,22-Apr,30,8.01,22.45,0,0,2019
22,Amit MishraDC,11,11,40,11,270,17-May,24.54,6.75,21.81,0,0,2019
23,Andre RussellKKR,14,12,30,11,287,15-May,26.09,9.51,16.45,0,0,2019
24,Navdeep SainiRCB,13,13,48,11,397,24-Feb,36.09,8.27,26.18,0,0,2019
25,Jofra ArcherRR,11,11,43,11,291,15-Mar,26.45,6.76,23.45,0,0,2019
26,Sam CurranPBKS,9,9,33,10,323,11-Apr,32.3,9.78,19.8,1,0,2019
27,Axar PatelDC,14,14,51,10,364,21-Apr,36.4,7.13,30.6,0,0,2019
28,Piyush ChawlaKKR,13,13,44,10,399,17-Apr,39.9,8.96,26.7,0,0,2019
29,Sunil NarineKKR,12,12,44,10,347,19-May,34.7,7.82,26.6,0,0,2019
30,Jaydev UnadkatRR,11,11,37,10,398,25-May,39.8,10.66,22.4,0,0,2019
31,Keemo PaulDC,8,8,27,9,237,17-Mar,26.33,8.72,18.11,0,0,2019
32,Shardul ThakurCSK,10,9,30,8,281,19-Mar,35.12,9.36,22.5,0,0,2019
33,Mohammad NabiSRH,8,8,29,8,194,11-Apr,24.25,6.65,21.87,1,0,2019
34,Umesh YadavRCB,11,11,38,8,371,24-Apr,46.37,9.8,28.37,0,0,2019
35,Sandeep LamichhaneDC,6,6,23,8,210,Mar-36,26.25,9.13,17.25,0,0,2019
36,Mohammed SirajRCB,9,9,28,7,269,Apr-32,38.42,9.55,24.14,0,0,2019
37,Harry GurneyKKR,8,8,27,7,238,25-Feb,34,8.81,23.14,0,0,2019
38,Hardus ViljoenPBKS,6,6,23,7,222,Feb-39,31.71,9.65,19.71,0,0,2019
39,Siddarth KaulSRH,7,7,27,6,242,29-Apr,40.33,8.96,27,0,0,2019
40,Moeen AliRCB,11,9,25,6,169,7-Mar,28.16,6.76,25,0,0,2019
41,Alzarri Joseph MI,3,3,8,6,87,12-Jun,14.5,10.03,8.66,0,1,2019
42,Dhawal KulkarniRR,10,10,35,6,335,14-Apr,55.83,9.57,35,0,0,2019
43,Ben StokesRR,9,6,17,6,189,15-Mar,31.5,11.22,16.83,0,0,2019
44,Jason BehrendorffMI,5,5,19,5,165,22-Feb,33,8.68,22.8,0,0,2019
45,Trent BoultDC,5,5,19,5,163,18-Apr,32.6,8.57,22.8,0,0,2019
46,Oshane ThomasRR,4,4,10,5,79,6-Feb,15.8,7.9,12,0,0,2019
47,Murugan AshwinPBKS,10,10,34,5,255,21-Mar,51,7.5,40.8,0,0,2019
48,Washington SundarRCB,3,3,9,4,74,16-Mar,18.5,8.22,13.5,0,0,2019
49,Dale SteynRCB,2,2,8,4,69,11-Mar,17.25,8.62,12,0,0,2019
50,Ish SodhiRR,2,2,7,4,67,26-Mar,16.75,9.34,10.75,0,0,2019
51,Prasidh KrishnaKKR,11,11,40,4,377,30-Apr,94.25,9.34,60.5,0,0,2019
52,Kuldeep YadavKKR,9,9,33,4,286,20-Apr,71.5,8.66,49.5,0,0,2019
53,Mitchell SantnerCSK,4,4,14,4,94,13-Feb,23.5,6.71,21,0,0,2019
54,Varun AaronRR,5,5,12,4,116,16-Mar,29,9.66,18,0,0,2019
55,Mujeeb Ur RahmanPBKS,5,5,19,3,191,27-Mar,63.66,10.05,38,0,0,2019
56,Arshdeep SinghPBKS,3,3,10,3,109,May-32,36.33,10.9,20,0,0,2019
57,Nitish RanaKKR,14,6,8,3,72,11-Feb,24,9,16,0,0,2019
58,Ankit RajpootPBKS,4,4,16,3,152,14-May,50.66,9.5,32,0,0,2019
59,Pawan NegiRCB,7,4,11,3,102,18-Apr,34,9.13,22.33,0,0,2019
60,Andrew TyePBKS,6,6,22,3,233,17-May,77.66,10.59,44,0,0,2019
61,Mitchell McClenaghanMI,5,5,18,3,142,21-Apr,47.33,7.88,36,0,0,2019
62,Shakib Al HasanSRH,3,3,11,2,95,17-Mar,47.5,8.76,32.5,0,0,2019
63,Shahbaz NadeemSRH,3,3,9,2,90,16-Mar,45,10,27,0,0,2019
64,Scott KuggeleijnCSK,2,2,8,2,71,Feb-37,35.5,8.87,24,0,0,2019
65,Sandeep WarrierKKR,3,3,12,2,85,Feb-31,42.5,7.08,36,0,0,2019
66,Marcus StoinisRCB,10,6,16,2,145,15-Apr,72.5,8.7,50,0,0,2019
67,Riyan ParagRR,7,7,14,2,121,10-Jan,60.5,8.64,42,0,0,2019
68,Harshal PatelDC,2,2,8,2,77,27-May,38.5,9.62,24,0,0,2019
69,Rahul TewatiaDC,5,3,6,2,42,18-Mar,21,6.63,19,0,0,2019
70,Jagadeesha SuchithDC,1,1,4,2,28,14-Feb,14,7,12,0,0,2019
71,Lockie FergusonKKR,5,5,17,2,183,15-Mar,91.5,10.76,51,0,0,2019
72,Abhishek SharmaSRH,3,2,2,1,21,4-Feb,21,10.5,12,0,0,2019
73,Deepak HoodaSRH,11,2,2,1,21,16-Feb,21,10.5,12,0,0,2019
74,Vijay ShankarSRH,15,5,8,1,70,19-Feb,70,8.75,48,0,0,2019
75,Varun ChakaravarthyPBKS,1,1,3,1,35,20-May,35,11.66,18,0,0,2019
76,Mayank MarkandeMI,3,3,6,1,59,23-Apr,59,9.83,36,0,0,2019
77,Kulwant KhejroliyaRCB,2,2,5,1,47,Feb-33,47,9.4,30,0,0,2019
78,Krishnappa GowthamRR,7,7,20,1,166,12-Feb,166,8.3,120,0,0,2019
79,Tim SoutheeRCB,3,3,9,1,118,24-Mar,118,13.11,54,0,0,2019
80,Karn SharmaCSK,1,1,3,1,33,16-Apr,33,11.64,17,0,0,2019
81,Stuart BinnyRR,8,5,7,1,44,14-Feb,44,6.28,42,0,0,2019
82,Anukul RoyMI,1,1,2,1,11,11-Jan,11,5.5,12,0,0,2019
83,Mohit SharmaCSK,1,1,3,1,27,14-Apr,27,9,18,0,0,2019
84,Sherfane RutherfordDC,7,6,7,1,59,6-Jan,59,8.63,41,0,0,2019
85,Ben CuttingMI,3,1,2,1,27,20-Feb,27,13.5,12,0,0,2019
86,Jayant YadavMI,2,2,7,1,50,23-Jan,50,7.14,42,0,0,2019
87,Prithvi Raj YarraKKR,2,2,5,1,57,29-Jan,57,11.4,30,0,0,2019
1,Andrew TyePBKS,14,14,56,24,448,17-May,18.66,8,14,3,0,2018
2,Siddarth KaulSRH,17,17,66,21,547,29-Apr,26.04,8.28,18.85,0,0,2018
3,Rashid KhanSRH,17,17,68,21,458,19-Mar,21.8,6.73,19.42,0,0,2018
4,Umesh YadavRCB,14,14,53,20,418,24-Apr,20.9,7.86,15.95,0,0,2018
5,Hardik PandyaMI,13,13,42,18,381,20-Mar,21.16,8.92,14.22,0,0,2018
6,Trent BoultDC,14,14,52,18,466,18-Apr,25.88,8.84,17.55,0,0,2018
7,Jasprit BumrahMI,14,14,54,17,372,14-Apr,21.88,6.88,19.05,0,0,2018
8,Sunil NarineKKR,16,16,61,17,467,19-May,27.47,7.65,21.52,0,0,2018
9,Kuldeep YadavKKR,16,16,51,17,418,20-Apr,24.58,8.14,18.11,1,0,2018
10,Shardul ThakurCSK,13,13,46,16,431,19-Mar,26.93,9.23,17.5,0,0,2018
11,Jofra ArcherRR,10,10,39,15,325,15-Mar,21.66,8.36,15.53,0,0,2018
12,Mayank MarkandeMI,14,14,44,15,368,23-Apr,24.53,8.36,17.6,1,0,2018
13,Dwayne BravoCSK,16,16,53,14,533,22-Apr,38.07,9.96,22.92,0,0,2018
14,Mitchell McClenaghanMI,11,11,40,14,332,21-Apr,23.71,8.3,17.14,0,0,2018
15,Mujeeb Ur RahmanPBKS,11,11,41,14,289,27-Mar,20.64,6.99,17.71,0,0,2018
16,Piyush ChawlaKKR,15,15,49,14,412,17-Apr,29.42,8.4,21,0,0,2018
17,Shakib Al HasanSRH,17,17,57,14,456,17-Mar,32.57,8,24.42,0,0,2018
18,Andre RussellKKR,16,15,38,13,355,15-May,27.3,9.38,17.46,0,0,2018
19,Sandeep SharmaSRH,12,12,44,12,333,20-Apr,27.75,7.56,22,0,0,2018
20,Krunal PandyaMI,14,13,40,12,284,14-Mar,23.66,7.07,20.08,0,0,2018
21,Amit MishraDC,10,10,37,12,264,17-May,22,7.13,18.5,0,0,2018
22,Yuzvendra ChahalRCB,14,14,50,12,363,25-Apr,30.25,7.26,25,0,0,2018
23,Ankit RajpootPBKS,8,8,26,11,223,14-May,20.27,8.52,14.27,0,1,2018
24,Mohammed SirajRCB,11,11,41,11,367,Apr-32,33.36,8.95,22.36,0,0,2018
25,Lungi Ngidi CSK,7,7,26,11,156,10-Apr,14.18,6,14.18,1,0,2018
26,Krishnappa GowthamRR,15,15,40,11,312,12-Feb,28.36,7.8,21.81,0,0,2018
27,Ravindra JadejaCSK,16,14,41,11,303,16-May,27.54,7.39,22.36,0,0,2018
28,Jaydev UnadkatRR,15,15,50,11,486,25-May,44.18,9.65,27.45,0,0,2018
29,Shreyas GopalRR,11,10,31,11,236,16-Apr,21.45,7.61,16.9,1,0,2018
30,Deepak ChaharCSK,12,12,38,10,278,13-Apr,27.8,7.28,22.9,0,0,2018
31,Prasidh KrishnaKKR,7,7,28,10,260,30-Apr,26,9.28,16.8,1,0,2018
32,Ravichandran AshwinPBKS,14,14,50,10,410,Apr-34,41,8.09,30.4,0,0,2018
33,Ben LaughlinRR,7,7,21,9,211,15-Feb,23.44,10.04,14,0,0,2018
34,Bhuvneshwar KumarSRH,12,12,46,9,354,19-May,39.33,7.66,30.77,0,0,2018
35,Chris WoakesRCB,5,5,18,8,190,Mar-36,23.75,10.36,13.75,0,0,2018
36,Ben StokesRR,13,12,37,8,303,15-Mar,37.87,8.18,27.75,0,0,2018
37,Harshal PatelDC,5,5,17,7,167,27-May,23.85,9.54,15,0,0,2018
38,Mohit SharmaPBKS,9,9,29,7,322,14-Apr,46,10.85,25.42,0,0,2018
39,Mustafizur RahmanMI,7,7,27,7,230,16-Mar,32.85,8.36,23.57,0,0,2018
40,Harbhajan SinghCSK,13,12,32,7,270,18-May,38.57,8.48,27.28,0,0,2018
41,Imran TahirCSK,6,6,20,6,188,12-Apr,31.33,9.09,20.66,0,0,2018
42,Tom CurranKKR,5,5,10,6,118,29-Mar,19.66,11.6,10.16,0,0,2018
43,Rahul TewatiaDC,8,8,22,6,173,18-Mar,28.83,7.86,22,0,0,2018
44,Shane WatsonCSK,15,11,28,6,251,29-Apr,41.83,8.96,28,0,0,2018
45,Tim SoutheeRCB,8,8,29,5,261,24-Mar,52.2,9,34.8,0,0,2018
46,Sandeep LamichhaneDC,3,3,12,5,82,Mar-36,16.4,6.83,14.4,0,0,2018
47,Basil ThampiSRH,4,4,10,5,114,29-Mar,22.8,11.21,12.2,0,0,2018
48,Shivam MaviKKR,9,9,28,5,270,21-Apr,54,9.64,33.6,0,0,2018
49,Billy StanlakeSRH,4,4,16,5,130,21-Feb,26,8.12,19.2,0,0,2018
50,Carlos BrathwaiteSRH,4,4,10,5,94,Mar-43,18.8,9.24,12.2,0,0,2018
51,Glenn MaxwellDC,12,10,16,5,132,15-Feb,26.4,8.25,19.2,0,0,2018
52,Ish SodhiRR,6,6,23,5,135,26-Mar,27,5.86,27.6,0,0,2018
53,Dhawal KulkarniRR,8,8,20,4,188,14-Apr,47,9.47,29.75,0,0,2018
54,Washington SundarRCB,7,7,20,4,192,16-Mar,48,9.6,30,0,0,2018
55,Avesh KhanDC,6,6,19,4,204,13-Mar,51,10.73,28.5,0,0,2018
56,Nitish RanaKKR,15,5,6,4,44,11-Feb,11,7.13,9.25,0,0,2018
57,Barinder SranPBKS,6,6,22,4,229,28-Mar,57.25,10.4,33,0,0,2018
58,Dan ChristianDC,4,4,12,4,101,10-Feb,25.25,8.53,17.75,0,0,2018
59,Liam PlunkettDC,7,7,25,4,225,17-Mar,56.25,9,37.5,0,0,2018
60,Karn SharmaCSK,6,5,9,4,89,16-Apr,22.25,9.36,14.25,0,0,2018
61,Shahbaz NadeemDC,6,6,15,3,161,16-Mar,53.66,10.73,30,0,0,2018
62,Axar PatelPBKS,9,8,26,3,218,21-Apr,72.66,8.38,52,0,0,2018
63,Mohammad ShamiDC,4,4,14,3,144,15-Mar,48,10.4,27.66,0,0,2018
64,Corey AndersonRCB,3,3,8,3,115,18-Feb,38.33,13.26,17.33,0,0,2018
65,KM AsifCSK,2,2,6,3,75,Feb-43,25,12.5,12,0,0,2018
66,Moeen AliRCB,5,5,13,3,97,7-Mar,32.33,7.36,26.33,0,0,2018
67,Murugan AshwinRCB,2,2,7,3,53,21-Mar,17.66,7.57,14,0,0,2018
68,Marcus StoinisPBKS,7,6,11,3,120,15-Apr,40,10.9,22,0,0,2018
69,Chris MorrisDC,4,4,14,3,143,23-Apr,47.66,10.21,28,0,0,2018
70,Colin de GrandhommeRCB,9,7,15,2,129,4-Mar,64.5,8.6,45,0,0,2018
71,Vinay KumarKKR,2,2,4,2,65,Apr-40,32.5,16.95,11.5,0,0,2018
72,David WilleyCSK,3,3,10,2,95,24-Jan,47.5,9.5,30,0,0,2018
73,Mitchell JohnsonKKR,6,6,21,2,216,26-Mar,108,10.28,63,0,0,2018
74,Kulwant KhejroliyaRCB,3,3,11,2,107,Feb-33,53.5,9.87,32.5,0,0,2018
75,Javon SearlesKKR,4,3,7,2,89,24-Jan,44.5,12.71,21,0,0,2018
76,Ben CuttingMI,9,7,17,2,168,20-Feb,84,9.88,51,0,0,2018
77,Pawan NegiRCB,2,2,4,1,49,18-Apr,49,12.25,24,0,0,2018
78,D'Arcy ShortRR,7,2,3,1,19,10-Jan,19,6.33,18,0,0,2018
79,Anureet SinghRR,3,3,4,1,42,23-Mar,42,10.5,24,0,0,2018
80,Vijay ShankarDC,13,4,5,1,58,19-Feb,58,11.6,30,0,0,2018
81,Yusuf PathanSRH,15,1,2,1,14,20-Mar,14,7,12,0,0,2018
82,Mohammad NabiSRH,2,2,5,1,47,11-Apr,47,9.4,30,0,0,2018
1,Bhuvneshwar KumarSRH,14,14,52,26,369,19-May,14.19,7.05,12.07,0,1,2017
2,Jaydev UnadkatRPS,12,12,46,24,322,25-May,13.41,7.02,11.45,0,1,2017
3,Jasprit BumrahMI,16,16,59,20,439,14-Apr,21.95,7.39,17.8,0,0,2017
4,Mitchell McClenaghanMI,14,14,54,19,507,21-Apr,26.68,9.38,17.05,0,0,2017
5,Imran TahirRPS,12,12,47,18,369,12-Apr,20.5,7.85,15.66,0,0,2017
6,Chris WoakesKKR,13,13,44,17,386,Mar-36,22.7,8.77,15.52,0,0,2017
7,Rashid KhanSRH,14,14,54,17,358,19-Mar,21.05,6.62,19.05,0,0,2017
8,Sandeep SharmaPBKS,13,13,48,17,398,20-Apr,23.41,8.29,16.94,1,0,2017
9,Umesh YadavKKR,14,14,48,17,410,24-Apr,24.11,8.45,17.11,1,0,2017
10,Siddarth KaulSRH,10,10,35,16,300,29-Apr,18.75,8.41,13.37,1,0,2017
11,Pawan NegiRCB,12,12,32,16,197,18-Apr,12.31,6.12,12.06,0,0,2017
12,Axar PatelPBKS,14,14,48,15,362,21-Apr,24.13,7.54,19.2,0,0,2017
13,Nathan Coulter-NileKKR,8,8,28,15,228,14-Apr,15.2,8.04,11.33,0,0,2017
14,Pat CumminsDC,12,12,46,15,373,Apr-34,24.86,8.07,18.46,0,0,2017
15,Yuzvendra ChahalRCB,13,13,43,14,333,25-Apr,23.78,7.65,18.64,0,0,2017
16,Mohit SharmaPBKS,14,14,45,13,410,14-Apr,31.53,8.97,21.07,0,0,2017
17,Karn SharmaMI,9,9,30,13,214,16-Apr,16.46,6.97,14.15,1,0,2017
18,Kuldeep YadavKKR,12,11,41,12,340,20-Apr,28.33,8.29,20.5,0,0,2017
19,Chris MorrisDC,9,9,31,12,240,23-Apr,20,7.74,15.5,1,0,2017
20,Ben StokesRPS,12,12,44,12,316,15-Mar,26.33,7.18,22,0,0,2017
21,Andrew TyeGL,6,6,21,12,141,17-May,11.75,6.71,10.5,0,1,2017
22,Shardul ThakurRPS,12,12,38,11,315,19-Mar,28.63,8.25,20.81,0,0,2017
23,Dan ChristianRPS,13,13,40,11,298,10-Feb,27.09,7.45,21.81,0,0,2017
24,Basil ThampiGL,12,12,44,11,424,29-Mar,38.54,9.49,24.36,0,0,2017
25,Lasith MalingaMI,12,12,45,11,382,13-May,34.72,8.52,24.45,0,0,2017
26,Zaheer KhanDC,11,11,40,10,313,17-Apr,31.3,7.79,24.1,0,0,2017
27,Sunil NarineKKR,16,15,59,10,412,19-May,41.2,6.98,35.4,0,0,2017
28,Mohammed SirajSRH,6,6,23,10,212,Apr-32,21.2,9.21,13.8,1,0,2017
29,Amit MishraDC,14,14,39,10,343,17-May,34.3,8.83,23.3,0,0,2017
30,Krunal PandyaMI,13,13,40,10,273,14-Mar,27.3,6.82,24,0,0,2017
31,Samuel BadreeRCB,7,7,25,9,188,9-Apr,20.88,7.52,16.66,1,0,2017
32,Washington SundarRPS,11,10,30,8,185,16-Mar,23.12,6.16,22.5,0,0,2017
33,Harbhajan SinghMI,11,11,41,8,266,18-May,33.25,6.48,30.75,0,0,2017
34,Ashish NehraSRH,6,6,21,8,197,10-Apr,24.62,9.3,15.87,0,0,2017
35,Varun AaronPBKS,6,6,20,7,163,16-Mar,23.28,8.15,17.14,0,0,2017
36,Mitchell JohnsonMI,5,5,20,7,141,26-Mar,20.14,7.05,17.14,0,0,2017
37,Adam ZampaRPS,6,6,20,7,163,19-Jun,23.28,8.21,17,0,0,2017
38,Glenn MaxwellPBKS,14,8,19,7,125,15-Feb,17.85,6.57,16.28,0,0,2017
39,James FaulknerGL,8,8,26,6,258,16-May,43,9.79,26.33,0,0,2017
40,Shahbaz NadeemDC,7,7,18,6,119,16-Mar,19.83,6.67,17.83,0,0,2017
41,Praveen KumarGL,6,6,16,6,151,18-Mar,25.16,9.15,16.5,0,0,2017
42,Piyush ChawlaKKR,6,6,20,6,179,17-Apr,29.83,8.95,20,0,0,2017
43,Kagiso RabadaDC,6,6,21,6,188,21-Apr,31.33,8.81,21.33,0,0,2017
44,Hardik PandyaMI,17,13,26,6,213,20-Mar,35.5,8.19,26,0,0,2017
45,Aniket ChoudharyRCB,5,5,17,5,144,17-Feb,28.8,8.55,20.2,0,0,2017
46,Pradeep SangwanGL,5,5,18,5,181,18-Mar,36.2,10.05,21.6,0,0,2017
47,Tymal MillsRCB,5,5,18,5,153,Feb-31,30.6,8.57,21.4,0,0,2017
48,Mohammad ShamiDC,8,8,26,5,243,15-Mar,48.6,9.34,31.2,0,0,2017
49,Trent BoultKKR,6,6,24,5,216,18-Apr,43.2,9.06,28.6,0,0,2017
50,Ravindra JadejaGL,12,12,38,5,349,16-May,69.8,9.18,45.6,0,0,2017
51,Sreenath AravindRCB,10,10,30,5,275,14-Apr,55,9.01,36.6,0,0,2017
52,Shane WatsonRCB,8,8,27,5,245,29-Apr,49,9.13,32.2,0,0,2017
53,Stuart BinnyRCB,8,4,6,4,50,14-Feb,12.5,8.33,9,0,0,2017
54,Colin de GrandhommeKKR,12,9,16,4,135,4-Mar,33.75,8.43,24,0,0,2017
55,KC CariappaPBKS,4,4,15,4,127,16-Feb,31.75,8.46,22.5,0,0,2017
56,Ankit RajpootKKR,5,5,14,4,107,14-May,26.75,7.64,21,0,0,2017
57,Lockie FergusonLSG,4,4,13,3,93,15-Mar,31,7.15,26,0,0,2017
58,Bipul SharmaSRH,7,7,16,3,129,13-Feb,43,7.89,32.66,0,0,2017
59,Tim SoutheeMI,3,3,10,3,96,24-Mar,32,9.6,20,0,0,2017
60,Rahul TewatiaPBKS,3,3,9,3,49,18-Mar,16.33,5.44,18,0,0,2017
61,Adam MilneRCB,4,4,14,3,134,21-Feb,44.66,9.57,28,0,0,2017
62,Harshal PatelRCB,1,1,4,3,43,27-May,14.33,10.75,8,0,0,2017
63,Corey AndersonDC,11,8,19,3,186,18-Feb,62,9.87,37.66,0,0,2017
64,Dhawal KulkarniGL,6,6,19,3,173,14-Apr,57.66,9.18,37.66,0,0,2017
65,Iqbal AbdullaRCB,2,2,5,2,55,24-Mar,27.5,11,15,0,0,2017
66,Marcus StoinisPBKS,5,5,10,2,110,15-Apr,55,10.47,31.5,0,0,2017
67,Vinay KumarMI,1,1,3,2,31,Apr-40,15.5,10.33,9,0,0,2017
68,Ankit SoniGL,7,6,18,2,144,16-Jan,72,7.92,54.5,0,0,2017
69,Mohammad NabiSRH,3,3,11,2,58,11-Apr,29,5.27,33,0,0,2017
70,Dwayne SmithGL,12,9,13,2,148,8-Apr,74,11.38,39,0,0,2017
71,Travis HeadRCB,7,5,8,2,81,Feb-30,40.5,10.12,24,0,0,2017
72,T NatarajanPBKS,6,6,12,2,115,24-Feb,57.5,9.07,38,0,0,2017
73,Rahul ChaharRPS,3,2,7,2,58,27-Apr,29,8.28,21,0,0,2017
74,Rajat BhatiaRPS,3,3,7,2,55,15-Apr,27.5,7.85,21,0,0,2017
75,Billy StanlakeRCB,2,2,8,2,70,21-Feb,35,8.75,24,0,0,2017
76,Deepak HoodaSRH,10,3,4,2,42,16-Feb,21,10.5,12,0,0,2017
77,Nathu SinghGL,2,2,4,1,15,7-Jan,15,3.75,24,0,0,2017
78,Matt HenryPBKS,2,2,5,1,71,31-Jan,71,14.2,30,0,0,2017
79,Yuvraj SinghSRH,12,2,2,1,22,29-Apr,22,11,12,0,0,2017
80,Yusuf PathanKKR,15,4,4,1,41,20-Mar,41,10.25,24,0,0,2017
81,Carlos BrathwaiteDC,2,2,6,1,67,Mar-43,67,11.16,36,0,0,2017
82,Deepak ChaharRPS,3,3,7,1,74,13-Apr,74,10.57,42,0,0,2017
83,Ashok DindaRPS,3,3,10,1,119,18-Apr,119,11.9,60,0,0,2017
84,Munaf PatelGL,2,2,7,1,57,21-May,57,8.14,42,0,0,2017
85,Shubham AgarwalGL,1,1,4,1,42,Jan-42,42,10.5,24,0,0,2017
86,Ben CuttingSRH,4,4,12,1,123,20-Feb,123,9.71,76,0,0,2017
87,Swapnil SinghPBKS,4,4,7,1,61,14-Jan,61,8.71,42,0,0,2017
88,Suresh RainaGL,14,6,12,1,102,Feb-00,102,8.5,72,0,0,2017
89,Avesh KhanRCB,1,1,4,1,23,13-Mar,23,5.75,24,0,0,2017
90,Moises HenriquesSRH,12,12,24,1,248,12-Mar,248,10.33,144,0,0,2017
1,Bhuvneshwar KumarSRH,17,17,66,23,490,19-May,21.3,7.42,17.21,1,0,2016
2,Yuzvendra ChahalRCB,13,13,49,21,401,25-Apr,19.09,8.15,14.04,1,0,2016
3,Shane WatsonRCB,16,16,56,20,485,29-Apr,24.25,8.58,16.95,1,0,2016
4,Dhawal KulkarniGL,14,14,49,18,364,14-Apr,20.22,7.42,16.33,1,0,2016
5,Mitchell McClenaghanMI,14,14,53,17,436,21-Apr,25.64,8.17,18.82,1,0,2016
6,Dwayne BravoGL,15,15,56,17,494,22-Apr,29.05,8.82,19.76,1,0,2016
7,Mustafizur RahmanSRH,16,16,61,17,421,16-Mar,24.76,6.9,21.52,0,0,2016
8,Jasprit BumrahMI,14,14,52,15,406,14-Apr,27.06,7.8,20.8,0,0,2016
9,Sandeep SharmaPBKS,14,14,50,15,366,20-Apr,24.4,7.32,20,0,0,2016
10,Andre RussellKKR,12,12,36,15,291,15-May,19.4,7.97,14.6,1,0,2016
11,Barinder SranSRH,14,14,49,14,413,28-Mar,29.5,8.34,21.21,0,0,2016
12,Axar PatelPBKS,14,14,48,13,388,21-Apr,29.84,8.11,22.07,1,0,2016
13,Mohit SharmaPBKS,14,14,48,13,407,14-Apr,31.3,8.39,22.38,0,0,2016
14,Chris MorrisDC,12,12,44,13,308,23-Apr,23.69,7,20.3,0,0,2016
15,Amit MishraDC,14,14,46,13,344,17-May,26.46,7.47,21.23,1,0,2016
16,Adam ZampaRPS,5,5,17,12,115,19-Jun,9.58,6.76,8.5,0,1,2016
17,Moises HenriquesSRH,17,17,52,12,415,12-Mar,34.58,7.98,26,0,0,2016
18,Sreenath AravindRCB,9,9,29,11,216,14-Apr,19.63,7.4,15.9,0,0,2016
19,Sunil NarineKKR,11,11,43,11,304,19-May,27.63,7.09,23.36,0,0,2016
20,Ashok DindaRPS,9,9,30,11,231,18-Apr,21,7.57,16.63,0,0,2016
21,Piyush ChawlaKKR,12,11,35,11,273,17-Apr,24.81,7.72,19.27,0,0,2016
22,Chris JordanRCB,9,9,28,11,258,11-Apr,23.45,9.21,15.27,1,0,2016
23,Zaheer KhanDC,12,12,43,10,337,17-Apr,33.7,7.71,26.2,0,0,2016
24,Morne MorkelKKR,10,10,35,10,297,20-Apr,29.7,8.36,21.3,0,0,2016
25,Umesh YadavKKR,9,9,26,10,234,24-Apr,23.4,9,15.6,0,0,2016
26,Ravichandran AshwinRPS,14,14,44,10,319,Apr-34,31.9,7.25,26.4,1,0,2016
27,Tim SoutheeMI,11,11,43,9,329,24-Mar,36.55,7.65,28.66,0,0,2016
28,Thisara PereraRPS,12,11,33,9,326,20-Mar,36.22,9.82,22.11,0,0,2016
29,Praveen KumarGL,16,16,51,9,401,18-Mar,44.55,7.78,34.33,0,0,2016
30,Ashish NehraSRH,8,8,26,9,199,10-Apr,22.11,7.65,17.33,0,0,2016
31,Harbhajan SinghMI,14,14,49,9,392,18-May,43.55,8,32.66,0,0,2016
32,Dwayne SmithGL,12,8,18,8,153,8-Apr,19.12,8.5,13.5,1,0,2016
33,Ravindra JadejaGL,15,14,40,8,311,16-May,38.87,7.74,30.12,0,0,2016
34,Marcus StoinisPBKS,7,7,23,8,194,15-Apr,24.25,8.43,17.25,1,0,2016
35,Kane RichardsonRCB,4,4,14,7,136,13-Mar,19.42,9.71,12,0,0,2016
36,Carlos BrathwaiteDC,8,8,23,7,185,Mar-43,26.42,7.98,19.85,0,0,2016
37,Murugan AshwinRPS,10,10,28,7,241,21-Mar,34.42,8.45,24.42,0,0,2016
38,Shivil KaushikGL,7,7,23,6,192,20-Mar,32,8.34,23,0,0,2016
39,Krunal PandyaMI,12,11,31,6,236,14-Mar,39.33,7.57,31.16,0,0,2016
40,Kuldeep YadavKKR,3,3,12,6,100,20-Apr,16.66,8.33,12,0,0,2016
41,Iqbal AbdullaRCB,8,8,25,6,213,24-Mar,35.5,8.52,25,0,0,2016
42,Rajat BhatiaRPS,10,10,34,6,244,15-Apr,40.66,7.17,34,0,0,2016
43,Pravin TambeGL,7,7,16,5,143,20-Apr,28.6,8.93,19.2,0,0,2016
44,Shakib Al HasanKKR,10,9,31,5,243,17-Mar,48.6,7.83,37.2,0,0,2016
45,Ben CuttingSRH,4,4,11,5,80,20-Feb,16,7.16,13.4,0,0,2016
46,Imran TahirDC,4,4,16,5,138,12-Apr,27.6,8.62,19.2,0,0,2016
47,Mohammad ShamiDC,8,8,25,5,244,15-Mar,48.8,9.69,30.2,0,0,2016
48,Brad HoggKKR,5,5,16,4,142,29-Apr,35.5,8.87,24,0,0,2016
49,Mitchell MarshRPS,3,3,9,4,45,25-Apr,11.25,5,13.5,0,0,2016
50,Bipul SharmaSRH,7,6,14,3,121,13-Feb,40.33,8.64,28,0,0,2016
51,Vinay KumarMI,3,3,9,3,64,Apr-40,21.33,7.11,18,0,0,2016
52,RP SinghRPS,4,4,12,3,111,22-Apr,37,9.25,24,0,0,2016
53,Ankit RajpootKKR,4,4,11,3,98,14-May,32.66,8.9,22,0,0,2016
54,Tabraiz ShamsiRCB,4,4,16,3,147,21-Jan,49,9.18,32,0,0,2016
55,Pradeep SahuPBKS,5,5,17,3,146,18-Feb,48.66,8.34,35,0,0,2016
56,Nathan Coulter-NileDC,4,4,15,3,114,14-Apr,38,7.6,30,0,0,2016
57,Hardik PandyaMI,11,10,16,3,153,20-Mar,51,9.18,33.33,0,0,2016
58,Ishant SharmaRPS,4,4,15,3,148,12-May,49.33,9.86,30,0,0,2016
59,Deepak HoodaSRH,17,6,13,3,97,16-Feb,32.33,7.46,26,0,0,2016
60,KC CariappaPBKS,5,5,17,3,159,16-Feb,53,9.35,34,0,0,2016
61,Scott BolandRPS,2,2,7,2,54,Feb-31,27,7.71,21,0,0,2016
62,James FaulknerGL,7,7,17,2,167,16-May,83.5,9.82,51,0,0,2016
63,Jason HolderKKR,4,4,13,2,103,Apr-52,51.5,7.92,39,0,0,2016
64,Jayant YadavDC,5,5,17,2,125,23-Jan,62.5,7.35,51,0,0,2016
65,John HastingsKKR,2,2,6,2,37,6-Feb,18.5,5.55,20,0,0,2016
66,Varun AaronRCB,8,8,23,2,227,16-Mar,113.5,9.59,71,0,0,2016
67,JP DuminyDC,10,5,7,2,55,17-Apr,27.5,7.85,21,0,0,2016
68,Shahbaz NadeemDC,4,4,15,2,127,16-Mar,63.5,8.46,45,0,0,2016
69,Shadab JakatiGL,6,6,20,2,178,22-Apr,89,8.9,60,0,0,2016
70,Sachin BabyRCB,11,2,1,2,8,4-Feb,4,4.8,5,0,0,2016
71,Kyle AbbottPBKS,5,5,16,2,177,Jan-38,88.5,11.06,48,0,0,2016
72,Rishi DhawanPBKS,2,2,7,2,56,14-Feb,28,8,21,0,0,2016
73,Mitchell JohnsonPBKS,3,3,11,2,106,26-Mar,53,9.63,33,0,0,2016
74,Gurkeerat Mann SinghPBKS,7,3,4,2,31,15-Feb,15.5,7.75,12,0,0,2016
75,Chris GayleRCB,10,4,10,2,63,21-Mar,31.5,6.3,30,0,0,2016
76,Albie MorkelRPS,2,2,5,2,66,Apr-32,33,13.2,15,0,0,2016
77,Yusuf PathanKKR,15,4,6,1,33,20-Mar,33,5.5,36,0,0,2016
78,Trent BoultSRH,1,1,4,1,39,18-Apr,39,9.75,24,0,0,2016
79,Adam MilneRCB,1,1,4,1,43,21-Feb,43,10.75,24,0,0,2016
80,Ankit SharmaRPS,3,3,11,1,84,20-Feb,84,7.63,66,0,0,2016
81,Stuart BinnyRCB,14,11,17,1,134,14-Feb,134,7.88,102,0,0,2016
82,Ashish ReddySRH,4,2,4,1,39,25-Mar,39,10.17,23,0,0,2016
83,Rajagopal SathishKKR,4,3,6,1,59,11-Jan,59,9.83,36,0,0,2016
84,Pawan NegiDC,8,5,9,1,84,18-Apr,84,9.33,54,0,0,2016
85,Parveez RasoolRCB,4,4,14,1,129,20-Jan,129,9.21,84,0,0,2016
86,Harshal PatelRCB,5,5,14,1,147,27-May,147,10.5,84,0,0,2016
1,Dwayne BravoCSK,17,16,52,26,426,22-Apr,16.38,8.14,12.07,0,0,2015
2,Lasith MalingaMI,15,15,60,24,444,13-May,18.5,7.4,15,1,0,2015
3,Yuzvendra ChahalRCB,15,14,47,23,415,25-Apr,18.04,8.86,12.21,0,0,2015
4,Ashish NehraCSK,16,16,62,22,449,10-Apr,20.4,7.24,16.9,1,0,2015
5,Mitchell StarcRCB,13,12,43,20,291,15-Apr,14.55,6.76,12.9,1,0,2015
6,Mitchell McClenaghanMI,12,12,47,18,386,21-Apr,21.44,8.21,15.66,0,0,2015
7,Harbhajan SinghMI,15,15,57,18,446,18-May,24.77,7.82,19,0,0,2015
8,Bhuvneshwar KumarSRH,14,14,51,18,407,19-May,22.61,7.87,17.22,0,0,2015
9,Harshal PatelRCB,15,14,44,17,328,27-May,19.29,7.48,15.47,0,0,2015
10,David WieseRCB,14,13,42,16,353,Apr-33,22.06,8.33,15.87,1,0,2015
11,Nathan Coulter-NileDC,11,11,42,15,321,14-Apr,21.4,7.55,17,1,0,2015
12,Imran TahirDC,10,10,35,15,314,12-Apr,20.93,8.84,14.2,1,0,2015
13,Anureet SinghPBKS,14,14,51,15,465,23-Mar,31,9,20.66,0,0,2015
14,Andre RussellKKR,13,13,40,14,324,15-May,23.14,7.96,17.42,0,0,2015
15,Mohit SharmaCSK,16,16,57,14,481,14-Apr,34.35,8.43,24.42,0,0,2015
16,Axar PatelPBKS,14,14,46,13,392,21-Apr,30.15,8.4,21.53,0,0,2015
17,Sandeep SharmaPBKS,14,14,50,13,350,20-Apr,26.92,7,23.07,1,0,2015
18,Dhawal KulkarniRR,11,11,35,13,277,14-Apr,21.3,7.91,16.15,0,0,2015
19,Chris MorrisRR,11,11,42,13,311,23-Apr,23.92,7.4,19.38,1,0,2015
20,Moises HenriquesSRH,9,9,25,11,158,12-Mar,14.36,6.32,13.63,0,0,2015
21,Piyush ChawlaKKR,13,13,35,11,269,17-Apr,24.45,7.68,19.09,1,0,2015
22,Ravindra JadejaCSK,17,15,42,11,330,16-May,30,7.73,23.27,1,0,2015
23,Ishwar PandeyCSK,10,10,31,11,223,23-Feb,20.27,7.19,16.9,0,0,2015
24,Umesh YadavKKR,12,12,42,10,382,24-Apr,38.2,9.09,25.2,0,0,2015
25,Karn SharmaSRH,14,14,40,10,332,16-Apr,33.2,8.33,23.9,0,0,2015
26,Ravichandran AshwinCSK,14,13,39,10,228,Apr-34,22.8,5.84,23.4,0,0,2015
27,Jagadeesha SuchithMI,13,12,39,10,337,14-Feb,33.7,8.64,23.4,0,0,2015
28,Morne MorkelKKR,7,7,28,10,206,20-Apr,20.6,7.35,16.8,0,0,2015
29,Amit MishraDC,12,12,40,9,310,17-May,34.44,7.71,26.77,0,0,2015
30,Mitchell JohnsonPBKS,9,9,36,9,336,26-Mar,37.33,9.37,23.88,0,0,2015
31,Brad HoggKKR,6,6,21,9,144,29-Apr,16,6.85,14,1,0,2015
32,Trent BoultSRH,7,7,28,9,236,18-Apr,26.22,8.42,18.66,0,0,2015
33,James FaulknerRR,13,13,45,8,426,16-May,53.25,9.46,33.75,0,0,2015
34,Sreenath AravindRCB,5,5,18,8,132,14-Apr,16.5,7.33,13.5,1,0,2015
35,JP DuminyDC,14,9,17,8,126,17-Apr,15.75,7.41,12.75,1,0,2015
36,Angelo MathewsDC,11,10,30,7,246,19-Apr,35.14,8.2,25.71,0,0,2015
37,Zaheer KhanDC,7,7,24,7,156,17-Apr,22.28,6.45,20.71,0,0,2015
38,Sunil NarineKKR,8,8,32,7,234,19-May,33.42,7.31,27.42,1,0,2015
39,Praveen KumarSRH,12,12,36,7,329,18-Mar,47,9.13,30.85,0,0,2015
40,Pravin TambeRR,10,10,34,7,266,20-Apr,38,7.82,29.14,0,0,2015
41,Vinay KumarMI,13,13,43,7,368,Apr-40,52.57,8.45,37.28,0,0,2015
42,Ravi BoparaSRH,9,7,20,6,160,31-Mar,26.66,8,20,0,0,2015
43,Shane WatsonRR,10,10,29,6,269,29-Apr,44.83,9.27,29,0,0,2015
44,Pawan NegiCSK,10,10,30,6,252,18-Apr,42,8.4,30,0,0,2015
45,Tim SoutheeRR,7,7,28,6,247,24-Mar,41.16,8.82,28,0,0,2015
46,Beuran HendricksPBKS,4,4,13,5,109,Mar-36,21.8,8.38,15.6,0,0,2015
47,Stuart BinnyRR,13,10,19,4,140,14-Feb,35,7.36,28.5,0,0,2015
48,Domnic JosephDC,6,6,14,4,101,18-Feb,25.25,7.21,21,0,0,2015
49,Shakib Al HasanKKR,4,4,14,4,123,17-Mar,30.75,8.78,21,0,0,2015
50,Iqbal AbdullaRCB,5,5,19,4,150,24-Mar,37.5,7.89,28.5,0,0,2015
51,Varun AaronRCB,6,5,17,3,177,16-Mar,59,10.21,34.66,0,0,2015
52,Albie MorkelDC,4,4,12,3,109,Apr-32,36.33,9.08,24,0,0,2015
53,Kieron PollardMI,16,8,12,3,120,Apr-44,40,9.47,25.33,0,0,2015
54,Ankit SharmaRR,4,4,14,3,114,20-Feb,38,8.14,28,0,0,2015
55,Gurkeerat Mann SinghPBKS,5,3,9,3,66,15-Feb,22,7.33,18,0,0,2015
56,Dale SteynSRH,6,6,19,3,170,11-Mar,56.66,8.94,38,0,0,2015
57,Ashish ReddySRH,6,4,6,3,50,25-Mar,16.66,8.33,12,0,0,2015
58,Bipul SharmaSRH,4,3,7,3,50,13-Feb,16.66,7.14,14,0,0,2015
59,Jasprit BumrahMI,4,4,15,3,184,14-Apr,61.33,12.26,30,0,0,2015
60,Glenn MaxwellPBKS,11,7,10,2,97,15-Feb,48.5,9.7,30,0,0,2015
61,Suresh RainaCSK,17,5,12,2,93,Feb-00,46.5,7.75,36,0,0,2015
62,Jayant YadavDC,3,3,7,2,29,23-Jan,14.5,4.14,21,0,0,2015
63,Yusuf PathanKKR,13,5,10,2,97,20-Mar,48.5,9.7,30,0,0,2015
64,Corey AndersonMI,4,2,4,1,33,18-Feb,33,8.25,24,0,0,2015
65,Deepak HoodaRR,14,7,15,1,129,16-Feb,129,8.5,91,0,0,2015
66,Thisara PereraPBKS,2,2,6,1,55,20-Mar,55,9.16,36,0,0,2015
67,Yuvraj SinghDC,14,6,9,1,72,29-Apr,72,8,54,0,0,2015
68,Abu NechimRCB,3,3,12,1,128,27-Feb,128,10.66,72,0,0,2015
69,Dwayne SmithCSK,16,1,2,1,17,8-Apr,17,8.5,12,0,0,2015
70,Shivam SharmaPBKS,1,1,3,1,44,26-Feb,44,14.66,18,0,0,2015
71,Gurinder SandhuDC,3,2,8,1,82,Jan-33,82,10.25,48,0,0,2015
72,Shreyas GopalMI,1,1,2,1,23,16-Apr,23,10.61,13,0,0,2015
73,Parveez RasoolSRH,2,2,5,1,31,20-Jan,31,6.2,30,0,0,2015
74,Shardul ThakurPBKS,1,1,3,1,38,19-Mar,38,12.66,18,0,0,2015
75,Hardik PandyaMI,9,8,17,1,176,20-Mar,176,10.35,102,0,0,2015
76,Ishant SharmaSRH,4,4,14,1,159,12-May,159,11.35,84,0,0,2015
77,Ronit MoreCSK,2,2,6,1,59,31-Jan,59,10.11,35,0,0,2015
78,Rishi DhawanPBKS,5,5,12,1,110,14-Feb,110,9.16,72,0,0,2015
79,Johan BothaKKR,4,4,10,1,81,6-Mar,81,8.1,60,0,0,2015
80,Rahul TewatiaRR,1,1,3,1,31,18-Mar,31,10.33,18,0,0,2015
81,Juan TheronRR,1,1,4,1,40,17-Feb,40,10,24,0,0,2015
82,Karanveer SinghPBKS,4,4,14,1,157,Apr-54,157,11.21,84,0,0,2015
83,KC CariappaKKR,1,1,2,1,28,16-Feb,28,14,12,0,0,2015
84,Pat CumminsKKR,3,3,10,1,97,Apr-34,97,9.7,60,0,0,2015
1,Mohit SharmaCSK,16,16,54,23,452,14-Apr,19.65,8.39,14.04,1,0,2014
2,Sunil NarineKKR,16,16,64,21,407,19-May,19.38,6.35,18.28,2,0,2014
3,Bhuvneshwar KumarSRH,14,14,53,20,354,19-May,17.7,6.65,15.95,1,0,2014
4,Ravindra JadejaCSK,16,16,54,19,443,16-May,23.31,8.15,17.15,2,0,2014
5,Sandeep SharmaPBKS,11,11,40,18,354,20-Apr,19.66,8.81,13.38,0,0,2014
6,Mitchell JohnsonPBKS,14,14,53,17,444,26-Mar,26.11,8.29,18.88,0,0,2014
7,Axar PatelPBKS,17,17,66,17,405,21-Apr,23.82,6.13,23.29,0,0,2014
8,Lasith MalingaMI,10,10,39,16,253,13-May,15.81,6.45,14.68,1,0,2014
9,Varun AaronRCB,10,10,36,16,299,16-Mar,18.68,8.15,13.75,0,0,2014
10,Ravichandran AshwinCSK,16,16,60,16,437,Apr-34,27.31,7.3,22.43,0,0,2014
11,Karn SharmaSRH,14,14,50,15,376,16-Apr,25.06,7.42,20.26,1,0,2014
12,Pravin TambeRR,13,13,49,15,356,20-Apr,23.73,7.26,19.6,1,0,2014
13,Harbhajan SinghMI,14,14,55,14,356,18-May,25.42,6.47,23.57,0,0,2014
14,Piyush ChawlaKKR,11,11,39,14,303,17-Apr,21.64,7.67,16.92,0,0,2014
15,Mitchell StarcRCB,14,14,53,14,402,15-Apr,28.71,7.49,23,0,0,2014
16,Rishi DhawanPBKS,13,13,47,13,365,14-Feb,28.07,7.71,21.84,0,0,2014
17,Rajat BhatiaRR,12,12,38,12,283,15-Apr,23.58,7.44,19,0,0,2014
18,Morne MorkelKKR,12,12,48,12,367,20-Apr,30.58,7.64,24,0,0,2014
19,Lakshmipathy BalajiPBKS,9,9,34,12,299,24-May,24.91,8.79,17,1,0,2014
20,Yuzvendra ChahalRCB,14,14,55,12,386,25-Apr,32.16,7.01,27.5,0,0,2014
21,Shakib Al HasanKKR,13,13,50,11,334,17-Mar,30.36,6.68,27.27,0,0,2014
22,James FaulknerRR,13,13,43,11,419,16-May,38.09,9.74,23.45,0,0,2014
23,Dale SteynSRH,14,14,56,11,431,11-Mar,39.18,7.69,30.54,0,0,2014
24,Umesh YadavKKR,12,12,45,11,367,24-Apr,33.36,8.15,24.54,0,0,2014
25,Karanveer SinghPBKS,5,5,20,11,164,Apr-54,14.9,8.2,10.9,1,0,2014
26,Imran TahirDC,6,6,21,9,171,12-Apr,19,8.2,13.88,0,0,2014
27,Jaydev UnadkatDC,9,9,31,9,270,25-May,30,8.66,20.77,0,0,2014
28,Kane RichardsonRR,7,7,27,9,206,13-Mar,22.88,7.62,18,0,0,2014
29,Ashish NehraCSK,4,4,15,8,142,10-Apr,17.75,9.46,11.25,0,0,2014
30,Shahbaz NadeemDC,11,11,38,8,311,16-Mar,38.87,8.18,28.5,0,0,2014
31,Ben HilfenhausCSK,8,8,28,8,246,27-Mar,30.75,8.78,21,0,0,2014
32,Parvinder AwanaPBKS,7,7,23,7,245,Apr-34,35,10.42,20.14,0,0,2014
33,Amit MishraSRH,10,10,37,7,340,17-May,48.57,9.06,32.14,0,0,2014
34,Mohammad ShamiDC,12,12,44,7,369,15-Mar,52.71,8.38,37.71,0,0,2014
35,Vinay KumarKKR,9,9,32,7,281,Apr-40,40.14,8.78,27.42,0,0,2014
36,Shane WatsonRR,13,9,21,7,165,29-Apr,23.57,7.85,18,0,0,2014
37,Shreyas GopalMI,4,4,14,6,113,16-Apr,18.83,8.07,14,0,0,2014
38,Ishwar PandeyCSK,13,12,42,6,318,23-Feb,53,7.57,42,0,0,2014
39,Wayne ParnellDC,8,8,30,6,223,27-Mar,37.16,7.39,30.16,0,0,2014
40,Dhawal KulkarniRR,8,8,27,6,221,14-Apr,36.83,8.18,27,0,0,2014
41,Yuvraj SinghRCB,14,10,22,5,187,29-Apr,37.4,8.25,27.2,1,0,2014
42,Zaheer KhanMI,6,6,22,5,146,17-Apr,29.2,6.53,26.8,0,0,2014
43,Jasprit BumrahMI,11,11,39,5,301,14-Apr,60.2,7.58,47.6,0,0,2014
44,Ashok DindaRCB,9,9,31,5,270,18-Apr,54,8.7,37.2,0,0,2014
45,Albie MorkelRCB,7,6,16,4,126,Apr-32,31.5,7.87,24,0,0,2014
46,Jacques KallisKKR,8,8,22,4,186,13-Mar,46.5,8.45,33,0,0,2014
47,Irfan PathanSRH,10,10,23,4,205,24-Mar,51.25,8.66,35.5,0,0,2014
48,Harshal PatelRCB,3,3,11,4,113,27-May,28.25,10.27,16.5,0,0,2014
49,Dwayne SmithCSK,16,5,10,4,95,8-Apr,23.75,9.5,15,0,0,2014
50,Corey AndersonMI,12,9,18,4,184,18-Feb,46,10.22,27,0,0,2014
51,Moises HenriquesSRH,4,4,10,4,96,12-Mar,24,9.6,15,0,0,2014
52,Kevon CooperRR,5,5,18,4,134,26-Apr,33.5,7.44,27,0,0,2014
53,Beuran HendricksPBKS,3,3,12,4,126,Mar-36,31.5,10.5,18,0,0,2014
54,Ankit SharmaRR,3,2,8,4,43,20-Feb,10.75,5.37,12,0,0,2014
55,Stuart BinnyRR,13,8,9,3,64,14-Feb,21.33,7.11,18,0,0,2014
56,Darren SammySRH,10,8,14,3,157,22-Apr,52.33,11.21,28,0,0,2014
57,Shivam SharmaPBKS,4,4,16,3,121,26-Feb,40.33,7.56,32,0,0,2014
58,Ishant SharmaSRH,3,3,11,3,101,12-May,33.66,9.18,22,0,0,2014
59,Abu NechimRCB,4,4,14,3,113,27-Feb,37.66,7.88,28.66,0,0,2014
60,Praveen KumarMI,3,3,12,3,78,18-Mar,26,6.5,24,0,0,2014
61,Muttiah MuralitharanRCB,5,5,16,3,124,11-Mar,41.33,7.75,32,0,0,2014
62,JP DuminyDC,14,11,33,3,240,17-Apr,80,7.27,66,0,0,2014
63,Krishmar SantokieMI,2,2,8,3,90,Feb-50,30,11.25,16,0,0,2014
64,Siddarth KaulDC,5,5,13,2,126,29-Apr,63,9.69,39,0,0,2014
65,Nathan Coulter-NileDC,2,1,4,2,27,14-Apr,13.5,6.75,12,0,0,2014
66,David HusseyCSK,5,1,3,2,38,2-Feb,19,13.41,8.5,0,0,2014
67,Samuel BadreeCSK,4,4,14,2,97,9-Apr,48.5,6.92,42,0,0,2014
68,Kieron PollardMI,15,12,25,2,262,Apr-44,131,10.48,75,0,0,2014
69,Marchant de LangeMI,1,1,4,2,32,Mar-34,16,8,12,0,0,2014
70,Rahul TewatiaRR,3,3,9,2,59,18-Mar,29.5,6.55,27,0,0,2014
71,Rahul ShuklaDC,3,3,9,2,98,28-Feb,49,10.88,27,0,0,2014
72,Ben CuttingRR,1,1,4,1,31,20-Feb,31,7.75,24,0,0,2014
73,Vikramjeet MalikRR,1,1,3,1,29,14-Feb,29,9.66,18,0,0,2014
74,Laxmi Ratan ShuklaDC,6,5,9,1,83,25-Mar,83,8.89,56,0,0,2014
75,Suresh RainaCSK,16,8,18,1,134,Feb-00,134,7.44,108,0,0,2014
76,Andre RussellKKR,2,2,5,1,52,15-May,52,10.4,30,0,0,2014
77,Murali KartikPBKS,2,2,8,1,91,17-Mar,91,11.37,48,0,0,2014
78,Lendl SimmonsMI,8,1,3,1,34,Jan-34,34,11.33,18,0,0,2014
79,Parveez RasoolSRH,3,3,9,1,83,20-Jan,83,9.22,54,0,0,2014
80,Glenn MaxwellPBKS,16,7,11,1,132,15-Feb,132,12,66,0,0,2014
81,John HastingsCSK,1,1,3,1,29,6-Feb,29,9.66,18,0,0,2014
82,Ryan ten DoeschateKKR,10,4,5,1,35,24-Jan,35,7,30,0,0,2014
83,Rohit SharmaMI,15,2,3,1,26,6-Apr,26,8.66,18,0,0,2014
84,Pat CumminsKKR,1,1,4,1,29,Apr-34,29,7.25,24,0,0,2014
85,Pawan SuyalMI,1,1,3,1,35,21-Jan,35,11.66,18,0,0,2014
86,Jimmy NeeshamDC,4,4,9,1,91,12-Mar,91,10.11,54,0,0,2014
87,Ravi RampaulRCB,2,2,6,1,37,31-Mar,37,6.16,36,0,0,2014
88,Jason HolderSRH,1,1,3,1,35,Apr-52,35,11.66,18,0,0,2014
89,Rahul SharmaDC,2,2,6,1,65,13-Mar,65,10.83,36,0,0,2014
1,Dwayne BravoCSK,18,18,62,32,497,22-Apr,15.53,7.95,11.71,1,0,2013
2,James FaulknerRR,16,16,63,28,427,16-May,15.25,6.75,13.53,0,2,2013
3,Harbhajan SinghMI,19,19,70,24,456,18-May,19,6.51,17.5,0,0,2013
4,Mitchell JohnsonMI,17,17,64,24,459,26-Mar,19.12,7.17,16,0,0,2013
5,Vinay KumarRCB,16,16,60,23,493,Apr-40,21.43,8.19,15.69,0,0,2013
6,Sunil NarineKKR,16,16,64,22,350,19-May,15.9,5.46,17.45,2,0,2013
7,Amit MishraSRH,17,17,62,21,394,17-May,18.76,6.35,17.71,1,0,2013
8,Lasith MalingaMI,17,17,65,20,468,13-May,23.4,7.16,19.6,0,0,2013
9,Mohit SharmaCSK,15,15,50,20,326,14-Apr,16.3,6.43,15.2,0,0,2013
10,Dale SteynSRH,17,17,68,19,384,11-Mar,20.21,5.66,21.42,0,0,2013
11,Kevon CooperRR,14,14,54,19,449,26-Apr,23.63,8.31,17.05,0,0,2013
12,Thisara PereraSRH,16,16,59,19,478,20-Mar,25.15,8.01,18.84,0,0,2013
13,Ashok DindaPWI,13,13,49,16,465,18-Apr,29.06,9.48,18.37,0,0,2013
14,Jacques KallisKKR,16,15,53,16,394,13-Mar,24.62,7.43,19.87,0,0,2013
15,Pragyan OjhaMI,16,15,52,16,381,11-Mar,23.81,7.28,19.62,0,0,2013
16,Umesh YadavDC,16,16,58,16,508,24-Apr,31.75,8.78,21.68,1,0,2013
17,Azhar MahmoodPBKS,11,11,44,15,330,20-Mar,22,7.52,17.53,0,0,2013
18,Chris MorrisCSK,16,16,50,15,401,23-Apr,26.73,8.02,20,0,0,2013
19,Ishant SharmaSRH,16,16,59,15,466,12-May,31.06,7.81,23.86,0,0,2013
20,Parvinder AwanaPBKS,14,14,54,15,412,Apr-34,27.46,7.62,21.6,0,0,2013
21,Ravichandran AshwinCSK,18,18,58,15,390,Apr-34,26,6.72,23.2,0,0,2013
22,Bhuvneshwar KumarPWI,16,16,57,13,371,19-May,28.53,6.5,26.3,0,0,2013
23,Jaydev UnadkatRCB,13,13,49,13,370,25-May,28.46,7.55,22.61,0,1,2013
24,Ravi RampaulRCB,10,10,37,13,261,31-Mar,20.07,6.92,17.38,0,0,2013
25,Ravindra JadejaCSK,18,15,43,13,323,16-May,24.84,7.48,19.92,0,0,2013
26,RP SinghRCB,11,11,40,13,335,22-Apr,25.76,8.41,18.38,0,0,2013
27,Shane WatsonRR,16,13,41,13,298,29-Apr,22.92,7.15,19.23,0,0,2013
28,Lakshmipathy BalajiKKR,13,13,50,12,387,24-May,32.25,7.74,25,0,0,2013
29,Praveen KumarPBKS,15,15,56,12,373,18-Mar,31.08,6.62,28.16,0,0,2013
30,Siddharth TrivediRR,17,17,60,12,410,25-Apr,34.16,6.85,29.91,0,0,2013
31,Ashish NehraDC,10,10,36,11,316,10-Apr,28.72,8.77,19.63,0,0,2013
32,Karn SharmaSRH,13,13,35,11,230,16-Apr,20.9,6.6,19,0,0,2013
33,Piyush ChawlaPBKS,16,16,58,11,418,17-Apr,38,7.16,31.81,0,0,2013
34,Rajat BhatiaKKR,15,15,44,11,332,15-Apr,30.18,7.57,23.9,0,0,2013
35,Irfan PathanDC,15,15,51,10,382,24-Mar,38.2,7.44,30.8,0,0,2013
36,Kieron PollardMI,18,14,31,10,292,Apr-44,29.2,9.41,18.6,0,0,2013
37,Murali KartikRCB,11,11,39,9,284,17-Mar,31.55,7.28,26,0,0,2013
38,Rahul SharmaPWI,11,11,41,9,281,13-Mar,31.22,6.85,27.33,0,0,2013
39,Sachithra SenanayakeKKR,8,8,32,9,209,26-Feb,23.22,6.53,21.33,0,0,2013
40,Shahbaz NadeemDC,12,12,44,9,259,16-Mar,28.77,5.88,29.33,0,0,2013
41,Darren SammySRH,10,9,22,8,168,22-Apr,21,7.52,16.75,1,0,2013
42,Dhawal KulkarniMI,6,6,18,8,151,14-Apr,18.87,8.08,14,0,0,2013
43,Sandeep SharmaPBKS,4,4,16,8,119,20-Apr,14.87,7.43,12,0,0,2013
44,Albie MorkelCSK,8,7,24,7,159,Apr-32,22.71,6.62,20.57,0,0,2013
45,Iqbal AbdullaKKR,5,5,19,7,142,24-Mar,20.28,7.53,16.14,0,0,2013
46,Manpreet GonyPBKS,8,8,28,7,256,31-Mar,36.57,9.14,24,0,0,2013
47,Mitchell MarshPWI,9,7,19,7,182,25-Apr,26,9.41,16.57,0,0,2013
48,Moises HenriquesRCB,10,8,21,7,185,12-Mar,26.42,8.74,18.14,0,0,2013
49,Morne MorkelDC,10,10,40,7,335,20-Apr,47.85,8.37,34.28,0,0,2013
50,Ajit ChandilaRR,8,8,25,6,156,13-Apr,26,6.24,25,0,0,2013
51,Stuart BinnyRR,17,14,24,6,162,14-Feb,27,6.75,24,0,0,2013
52,Wayne ParnellPWI,4,4,15,6,137,27-Mar,22.83,9.23,14.83,0,0,2013
53,Yuvraj SinghPWI,13,10,22,6,152,29-Apr,25.33,6.9,22,0,0,2013
54,Angelo MathewsPWI,11,10,31,5,240,19-Apr,48,7.74,37.2,0,0,2013
55,Harmeet Singh BansalPBKS,3,3,11,5,87,24-Mar,17.4,7.67,13.6,0,0,2013
56,Johan BothaDC,6,6,16,5,109,6-Mar,21.8,6.54,20,0,0,2013
57,Shanthakumaran SreesanthRR,7,7,21,5,163,29-Mar,32.6,7.52,26,0,0,2013
58,Zaheer KhanRCB,2,2,6,5,47,17-Apr,9.4,7.83,7.2,1,0,2013
59,Brett LeeKKR,3,3,12,4,86,15-Mar,21.5,7.16,18,0,0,2013
60,Dirk NannesCSK,5,5,20,4,158,27-Mar,39.5,7.96,29.75,0,0,2013
61,Siddarth KaulDC,6,6,22,4,170,29-Apr,42.5,7.78,32.75,0,0,2013
62,Abu NechimMI,2,2,7,3,45,27-Feb,15,6.42,14,0,0,2013
63,Ali MurtazaPWI,3,3,10,3,94,15-Mar,31.33,9.4,20,0,0,2013
64,Ashish ReddySRH,12,5,6,3,70,25-Mar,23.33,10.5,13.33,0,0,2013
65,Chris GayleRCB,16,4,4,3,40,21-Mar,13.33,10,8,0,0,2013
66,Jasprit BumrahMI,2,2,7,3,70,14-Apr,23.33,10,14,0,0,2013
67,Munaf PatelMI,4,4,15,3,137,21-May,45.66,9.13,30,0,0,2013
68,Muttiah MuralitharanRCB,6,6,23,3,177,11-Mar,59,7.69,46,0,0,2013
69,Rahul ShuklaRR,3,3,8,3,79,28-Feb,26.33,9.87,16,0,0,2013
70,Roelof van der MerweDC,3,3,11,3,71,20-Mar,23.66,6.45,22,0,0,2013
71,Ryan McLarenKKR,2,2,7,3,94,28-Feb,31.33,13.42,14,0,0,2013
72,Syed MohammadRCB,4,4,10,3,91,15-Feb,30.33,9.1,20,0,0,2013
73,Abhishek NayarPWI,11,3,8,2,59,13-Mar,29.5,7.37,24,0,0,2013
74,Ajantha MendisPWI,3,3,12,2,78,19-Feb,39,6.5,36,0,0,2013
75,Anand RajanSRH,2,2,8,2,42,27-Mar,21,5.25,24,0,0,2013
76,Dwayne SmithMI,13,3,5,2,59,8-Apr,29.5,11.8,15,0,0,2013
77,Jason HolderCSK,6,6,20,2,168,Apr-52,84,8.4,60,0,0,2013
78,Kane RichardsonPWI,3,3,12,2,101,13-Mar,50.5,8.53,35.5,0,0,2013
79,Luke WrightPWI,6,5,10,2,100,12-Jan,50,10.16,29.5,0,0,2013
80,Rishi DhawanMI,6,5,15,2,109,14-Feb,54.5,7.26,45,0,0,2013
81,Vikramjeet MalikRR,3,3,10,2,59,14-Feb,29.5,5.9,30,0,0,2013
82,Aaron FinchPWI,14,3,4,1,49,11-Jan,49,12.25,24,0,0,2013
83,Abhimanyu MithunRCB,1,1,4,1,37,Feb-37,37,9.25,24,0,0,2013
84,Andrew McDonaldRCB,1,1,2,1,17,25-Feb,17,8.5,12,0,0,2013
85,Ankeet ChavanRR,3,3,9,1,63,23-Feb,63,7,54,0,0,2013
86,Ankit RajpootCSK,2,2,4,1,35,14-May,35,8.75,24,0,0,2013
87,Ben LaughlinCSK,2,2,7,1,71,15-Feb,71,10.14,42,0,0,2013
88,Bhargav BhattPBKS,2,2,5,1,32,22-Apr,32,6.4,30,0,0,2013
89,Bipul SharmaPBKS,1,1,4,1,21,13-Feb,21,5.25,24,0,0,2013
90,Cameron WhiteSRH,13,2,2,1,16,14-Jan,16,8,12,0,0,2013
91,Hanuma VihariSRH,17,5,6,1,38,5-Jan,38,6.33,36,0,0,2013
92,Harmeet SinghRR,1,1,4,1,34,Jan-34,34,8.5,24,0,0,2013
93,Ishwar PandeyPWI,2,2,4,1,50,23-Feb,50,12.5,24,0,0,2013
94,Jeevan MendisDC,3,2,5,1,36,16-Jan,36,7.2,30,0,0,2013
95,Laxmi Ratan ShuklaKKR,4,2,3,1,22,25-Mar,22,7.33,18,0,0,2013
96,Marlon SamuelsPWI,2,1,4,1,34,Mar-39,34,8.5,24,0,0,2013
97,Mohammad ShamiKKR,3,3,9,1,78,15-Mar,78,8.66,54,0,0,2013
98,Nathan Coulter-NileMI,1,1,4,1,29,14-Apr,29,7.25,24,0,0,2013
99,Parveez RasoolPWI,2,2,5,1,28,20-Jan,28,5.6,30,0,0,2013
100,Pawan SuyalMI,1,1,3,1,21,21-Jan,21,7,18,0,0,2013
101,Pravin TambeRR,3,3,11,1,88,20-Apr,88,8,66,0,0,2013
102,Ryan HarrisPBKS,3,3,12,1,72,Apr-34,72,6,72,0,0,2013
103,Sarabjit LaddaKKR,1,1,2,1,18,Feb-44,18,9,12,0,0,2013
104,Shaun TaitRR,3,3,10,1,98,13-Mar,98,9.8,60,0,0,2013
105,Suresh RainaCSK,18,2,2,1,23,Feb-00,23,11.5,12,0,0,2013
106,Tirumalasetti SumanPWI,7,1,2,1,15,14-Feb,15,7.5,12,0,0,2013
107,Yusuf PathanKKR,16,5,9,1,73,20-Mar,73,8.11,54,0,0,2013
1,Morne MorkelDC,16,16,63,25,453,20-Apr,18.12,7.19,15.12,1,0,2012
2,Sunil NarineKKR,15,15,59,24,324,19-May,13.5,5.47,14.79,1,1,2012
3,Lasith MalingaMI,14,14,55,22,350,13-May,15.9,6.3,15.13,1,0,2012
4,Umesh YadavDC,17,17,61,19,453,24-Apr,23.84,7.42,19.26,0,0,2012
5,Vinay KumarRCB,15,14,56,19,480,Apr-40,25.26,8.59,17.63,0,0,2012
6,Dale SteynDEC,12,12,46,18,285,11-Mar,15.83,6.1,15.55,0,0,2012
7,Parvinder AwanaPBKS,12,12,47,17,372,Apr-34,21.88,7.91,16.58,1,0,2012
8,Zaheer KhanRCB,16,15,60,17,453,17-Apr,26.64,7.55,21.17,0,0,2012
9,Kieron PollardMI,14,14,44,16,350,Apr-44,21.87,7.98,16.43,1,0,2012
10,Piyush ChawlaPBKS,16,16,57,16,419,17-Apr,26.18,7.35,21.37,0,0,2012
11,Dwayne BravoCSK,19,18,57,15,461,22-Apr,30.73,7.99,23.06,0,0,2012
12,Jacques KallisKKR,17,16,54,15,403,13-Mar,26.86,7.46,21.6,0,0,2012
13,Munaf PatelMI,12,12,46,15,367,21-May,24.46,7.86,18.66,2,0,2012
14,Muttiah MuralitharanRCB,10,10,40,15,260,11-Mar,17.33,6.5,16,0,0,2012
15,Azhar MahmoodPBKS,11,11,42,14,329,20-Mar,23.5,7.71,18.28,0,0,2012
16,Ben HilfenhausCSK,9,9,34,14,233,27-Mar,16.64,6.85,14.57,0,0,2012
17,Ravichandran AshwinCSK,19,18,66,14,432,Apr-34,30.85,6.56,28.21,0,0,2012
18,Albie MorkelCSK,16,15,49,13,385,Apr-32,29.61,7.77,22.84,0,0,2012
19,Amit MishraDEC,14,14,47,13,377,17-May,29,8.02,21.69,0,0,2012
20,Rajat BhatiaKKR,17,16,53,13,389,15-Apr,29.92,7.31,24.53,0,0,2012
21,Siddharth TrivediRR,14,14,52,13,380,25-Apr,29.23,7.3,24,1,0,2012
22,Ravindra JadejaCSK,19,14,35,12,273,16-May,22.75,7.8,17.5,0,1,2012
23,Shakib Al HasanKKR,8,8,30,12,195,17-Mar,16.25,6.5,15,0,0,2012
24,Ashish NehraPWI,13,13,48,11,402,10-Apr,36.54,8.37,26.18,0,0,2012
25,Lakshmipathy BalajiKKR,8,8,30,11,162,24-May,14.72,5.43,16.27,1,0,2012
26,Amit SinghRR,9,9,33,10,310,19-Apr,31,9.44,19.7,0,0,2012
27,Ashish ReddyDEC,9,8,24,10,205,25-Mar,20.5,8.48,14.5,0,0,2012
28,Brad HoggRR,9,9,36,10,253,29-Apr,25.3,7.02,21.6,0,0,2012
29,Kevon CooperRR,6,6,24,10,174,26-Apr,17.4,7.25,14.4,1,0,2012
30,RP SinghMI,11,11,41,10,318,22-Apr,31.8,7.75,24.6,0,0,2012
31,Veer Pratap SinghDEC,9,9,34,10,296,Feb-31,29.6,8.7,20.4,0,0,2012
32,Ashok DindaPWI,7,7,24,9,169,18-Apr,18.77,7.04,16,1,0,2012
33,Harshal PatelRCB,12,11,41,9,340,27-May,37.77,8.29,27.33,0,0,2012
34,Johan BothaRR,11,11,41,9,297,6-Mar,33,7.24,27.33,0,0,2012
35,Pragyan OjhaMI,9,9,30,9,220,11-Mar,24.44,7.33,20,0,0,2012
36,Praveen KumarPBKS,16,16,63,9,434,18-Mar,48.22,6.88,42,0,0,2012
37,Rahul SharmaPWI,11,11,37,9,300,13-Mar,33.33,8.1,24.66,0,0,2012
38,Shadab JakatiCSK,15,15,41,9,335,22-Apr,37.22,8.17,27.33,0,0,2012
39,Bhuvneshwar KumarPWI,11,11,39,8,281,19-May,35.12,7.2,29.25,0,0,2012
40,Dan ChristianDEC,7,7,27,8,233,10-Feb,29.12,8.62,20.25,0,0,2012
41,Doug BollingerCSK,6,6,18,8,157,13-Apr,19.62,8.72,13.5,0,0,2012
42,Irfan PathanDC,17,17,60,8,465,24-Mar,58.12,7.75,45,0,0,2012
43,Marlon SamuelsPWI,8,8,28,8,216,Mar-39,27,7.53,21.5,0,0,2012
44,Ryan HarrisPBKS,5,5,18,8,130,Apr-34,16.25,7.22,13.5,1,0,2012
45,Shahbaz NadeemDC,12,12,45,8,318,16-Mar,39.75,7.06,33.75,0,0,2012
46,Varun AaronDC,8,8,31,8,271,16-Mar,33.87,8.74,23.25,0,0,2012
47,Angelo MathewsPWI,9,9,26,7,192,19-Apr,27.42,7.38,22.28,0,0,2012
48,Ankeet ChavanRR,8,8,27,7,236,23-Feb,33.71,8.63,23.42,0,0,2012
49,Brett LeeKKR,10,10,38,7,299,15-Mar,42.71,7.86,32.57,0,0,2012
50,Dimitri MascarenhasPBKS,4,4,16,7,105,25-May,15,6.56,13.71,0,1,2012
51,Pankaj SinghRR,6,6,21,7,170,18-Feb,24.28,8.09,18,0,0,2012
52,Pawan NegiDC,8,6,22,7,152,18-Apr,21.71,6.9,18.85,1,0,2012
53,Dhawal KulkarniMI,2,2,8,6,64,14-Apr,10.66,8,8,0,0,2012
54,Harbhajan SinghMI,17,16,54,6,384,18-May,64,7.11,54,0,0,2012
55,Harmeet Singh BansalPBKS,7,6,19,6,168,24-Mar,28,8.68,19.33,0,0,2012
56,James FranklinMI,12,9,15,6,121,18-Feb,20.16,8.06,15,0,0,2012
57,KP AppannaRCB,7,6,17,6,148,19-Apr,24.66,8.7,17,1,0,2012
58,Shane WatsonRR,7,7,23,6,161,29-Apr,26.83,7,23,0,0,2012
59,Shaun TaitRR,6,6,23,6,151,13-Mar,25.16,6.61,22.83,0,0,2012
60,Ajit ChandilaRR,4,4,14,5,86,13-Apr,17.2,6.14,16.8,1,0,2012
61,Andrew McDonaldRCB,4,3,10,5,61,25-Feb,12.2,6.1,12,0,0,2012
62,Daniel VettoriRCB,9,9,35,5,236,15-Mar,47.2,6.74,42,0,0,2012
63,Wayne ParnellPWI,6,6,21,5,128,27-Mar,25.6,6.09,25.2,0,0,2012
64,Ankit SharmaDEC,9,9,24,4,165,20-Feb,41.25,6.82,36.25,0,0,2012
65,Iqbal AbdullaKKR,9,8,22,4,144,24-Mar,36,6.54,33,0,0,2012
66,Murali KartikPWI,11,11,36,4,266,17-Mar,66.5,7.38,54,0,0,2012
67,Nuwan KulasekaraCSK,5,4,14,4,94,10-Feb,23.5,6.71,21,0,0,2012
68,Ajit AgarkarDC,4,4,14,3,134,25-Mar,44.66,9.34,28.66,0,0,2012
69,Alfonso ThomasPWI,4,4,14,3,109,22-Mar,36.33,7.78,28,0,0,2012
70,Anand RajanDEC,4,4,12,3,109,27-Mar,36.33,9.21,23.66,0,0,2012
71,David HusseyPBKS,16,6,9,3,63,2-Feb,21,7,18,0,0,2012
72,Doug BracewellDC,1,1,4,3,32,Mar-32,10.66,8,8,0,0,2012
73,James FaulknerPBKS,2,2,8,3,72,16-May,24,9,16,0,0,2012
74,Manpreet GonyDEC,6,6,24,3,207,31-Mar,69,8.62,48,0,0,2012
75,Marchant de LangeKKR,3,3,10,3,107,Mar-34,35.66,10.7,20,0,0,2012
76,Robin PetersonMI,5,4,8,3,70,Mar-37,23.33,8.75,16,0,0,2012
77,Shikhar DhawanDEC,15,4,6,3,55,7-Jan,18.33,9.16,12,0,0,2012
78,Stuart BinnyRR,8,6,10,3,78,14-Feb,26,7.8,20,0,0,2012
79,Yo MaheshCSK,5,4,9,3,81,Apr-36,27,8.67,18.66,0,0,2012
80,Yusuf PathanKKR,17,12,22,3,182,20-Mar,60.66,8.27,44,0,0,2012
81,Bhargav BhattPBKS,5,5,16,2,136,22-Apr,68,8.24,49.5,0,0,2012
82,Dwayne SmithMI,7,6,13,2,95,8-Apr,47.5,7.3,39,0,0,2012
83,Juan TheronDEC,2,2,8,2,66,17-Feb,33,8.25,24,0,0,2012
84,Michael ClarkePWI,6,5,11,2,67,12-Jan,33.5,6.09,33,0,0,2012
85,Roelof van der MerweDC,3,3,10,2,60,20-Mar,30,6,30,0,0,2012
86,Sourav GangulyPWI,15,4,10,2,95,21-Feb,47.5,9.5,30,0,0,2012
87,Suresh RainaCSK,19,7,14,2,105,Feb-00,52.5,7.5,42,0,0,2012
88,Abhishek JhunjhunwalaDEC,5,3,6,1,38,13-Jan,38,6.33,36,0,0,2012
89,Akshath ReddyDEC,5,1,3,1,32,Jan-32,32,10.66,18,0,0,2012
90,Andre RussellDC,4,4,16,1,161,15-May,161,10.06,96,0,0,2012
91,Ashok MenariaRR,15,3,3,1,23,20-Feb,23,6.9,20,0,0,2012
92,Brad HodgeRR,12,2,2,1,21,13-Apr,21,10.5,12,0,0,2012
93,Clint McKayMI,2,2,7,1,60,Jan-36,60,8.57,42,0,0,2012
94,Glenn MaxwellDC,2,2,3,1,22,15-Feb,22,7.33,18,0,0,2012
95,Jesse RyderPWI,11,4,7,1,70,14-Feb,70,10,42,0,0,2012
96,JP DuminyDEC,9,6,12,1,104,17-Apr,104,8.66,72,0,0,2012
97,Laxmi Ratan ShuklaKKR,11,2,2,1,12,25-Mar,12,6,12,0,0,2012
98,Mandeep SinghPBKS,16,1,3,1,23,23-Jan,23,7.66,18,0,0,2012
99,Pradeep SangwanKKR,1,1,4,1,42,18-Mar,42,10.5,24,0,0,2012
100,Ryan ten DoeschateKKR,3,1,3,1,24,24-Jan,24,8,18,0,0,2012
101,TP SudhindraDEC,3,3,11,1,136,Jan-46,136,11.65,70,0,0,2012
1,Lasith MalingaMI,16,16,63,28,375,13-May,13.39,5.95,13.5,0,1,2011
2,Munaf PatelMI,15,15,54,22,358,21-May,16.27,6.58,14.81,0,1,2011
3,Sreenath AravindRCB,13,13,46,21,368,14-Apr,17.52,8,13.14,1,0,2011
4,Ravichandran AshwinCSK,16,16,63,20,388,Apr-34,19.4,6.15,18.9,0,0,2011
5,Amit MishraDEC,14,14,53,19,358,17-May,18.84,6.71,16.84,1,0,2011
6,Doug BollingerCSK,13,13,47,17,329,13-Apr,19.35,7,16.58,0,0,2011
7,Iqbal AbdullaKKR,15,15,50,16,305,24-Mar,19.06,6.1,18.75,0,0,2011
8,Ryan HarrisPBKS,13,13,47,16,382,Apr-34,23.87,8.12,17.62,0,0,2011
9,Rahul SharmaPWI,14,14,50,16,273,13-Mar,17.06,5.46,18.75,0,0,2011
10,Piyush ChawlaPBKS,12,12,41,16,336,17-Apr,21,8.12,15.5,1,0,2011
11,Albie MorkelCSK,15,14,45,15,382,Apr-32,25.46,8.48,18,0,0,2011
12,Dale SteynDEC,12,12,45,14,299,11-Mar,21.35,6.57,19.5,0,0,2011
13,Harbhajan SinghMI,15,15,53,14,370,18-May,26.42,6.98,22.71,0,1,2011
14,Zaheer KhanRCB,15,15,59,14,455,17-Apr,32.5,7.71,25.28,0,0,2011
15,RP SinghKTK,14,14,50,13,345,22-Apr,26.53,6.9,23.07,1,0,2011
16,Shane WarneRR,13,12,47,13,297,21-Apr,22.84,6.31,21.69,0,0,2011
17,Yusuf PathanKKR,15,14,39,13,238,20-Mar,18.3,6.1,18,0,0,2011
18,Morne MorkelDC,11,11,43,13,325,20-Apr,25,7.55,19.84,0,0,2011
19,Daniel VettoriRCB,13,13,51,12,311,15-Mar,25.91,6.01,25.83,0,0,2011
20,Vinay KumarKTK,13,13,44,12,335,Apr-40,27.91,7.5,22.33,0,0,2011
21,Dan ChristianDEC,14,14,45,11,350,10-Feb,31.81,7.66,24.9,0,0,2011
22,Alfonso ThomasPWI,11,11,38,11,297,22-Mar,27,7.71,21,0,0,2011
23,Ishant SharmaDEC,12,12,44,11,314,12-May,28.54,7.13,24,0,1,2011
24,Shakib Al HasanKKR,7,7,25,11,175,17-Mar,15.9,6.86,13.9,0,0,2011
25,Irfan PathanDC,14,13,46,11,344,24-Mar,31.27,7.5,25,0,0,2011
26,Shadab JakatiCSK,15,14,44,10,336,22-Apr,33.6,7.6,26.5,0,0,2011
27,Kieron PollardMI,16,16,42,10,361,Apr-44,36.1,8.49,25.5,0,0,2011
28,Lakshmipathy BalajiKKR,14,14,44,10,371,24-May,37.1,8.36,26.6,0,0,2011
29,Pragyan OjhaDEC,10,10,37,10,267,11-Mar,26.7,7.24,22.1,0,0,2011
30,Praveen KumarPBKS,13,13,46,10,345,18-Mar,34.5,7.5,27.6,0,0,2011
31,Siddharth TrivediRR,12,12,35,10,303,25-Apr,30.3,8.49,21.4,0,0,2011
32,Amit SinghRR,9,9,28,9,215,19-Apr,23.88,7.54,19,0,0,2011
33,Bhargav BhattPBKS,10,8,28,9,229,22-Apr,25.44,8.22,18.55,1,0,2011
34,Wayne ParnellPWI,8,8,29,9,213,27-Mar,23.66,7.26,19.55,0,0,2011
35,Yuvraj SinghPWI,14,13,29,9,192,29-Apr,21.33,6.62,19.33,1,0,2011
36,Chris GayleRCB,12,12,36,8,244,21-Mar,30.5,6.77,27,0,0,2011
37,Shalabh SrivastavaPBKS,6,6,20,8,186,20-Feb,23.25,9.3,15,0,0,2011
38,Ravindra JadejaKTK,14,14,42,8,305,16-May,38.12,7.26,31.5,0,0,2011
39,Rajat BhatiaKKR,14,12,32,8,210,15-Apr,26.25,6.56,24,0,0,2011
40,Ajit AgarkarDC,7,7,27,8,231,25-Mar,28.87,8.55,20.25,0,0,2011
41,Jacques KallisKKR,15,9,24,7,170,13-Mar,24.28,7.08,20.57,0,0,2011
42,James HopesDC,10,9,32,7,272,2-Feb,38.85,8.5,27.42,0,0,2011
43,Johan BothaRR,10,10,36,7,239,6-Mar,34.14,6.63,30.85,0,0,2011
44,Mitchell MarshPWI,5,5,14,7,99,25-Apr,14.14,6.98,12.14,1,0,2011
45,Paul ValthatyPBKS,14,9,24,7,189,29-Apr,27,7.82,20.71,1,0,2011
46,Shanthakumaran SreesanthKTK,9,9,32,7,206,29-Mar,29.42,6.47,27.28,0,0,2011
47,Brad HodgeKTK,14,4,11,7,77,13-Apr,11,7,9.42,1,0,2011
48,Jaydev UnadkatKKR,7,6,18,6,150,25-May,25,8.33,18,0,0,2011
49,Suraj RandivCSK,8,8,29,6,223,24-Feb,37.16,7.68,29,0,0,2011
50,Shaun TaitRR,4,4,15,6,127,13-Mar,21.16,8.56,14.83,0,0,2011
51,Shane WatsonRR,11,10,36,6,241,29-Apr,40.16,6.69,36,0,0,2011
52,Dwayne BravoCSK,6,6,20,6,157,22-Apr,26.16,7.85,20,0,0,2011
53,Raiphi GomezKTK,11,8,15,5,124,14-Feb,24.8,8.26,18,0,0,2011
54,Ryan McLarenPBKS,6,6,18,5,178,28-Feb,35.6,9.88,21.6,0,0,2011
55,Roelof van der MerweDC,4,4,15,5,92,20-Mar,18.4,6.2,17.8,0,0,2011
56,Dhawal KulkarniMI,6,6,20,5,149,14-Apr,29.8,7.45,24,0,0,2011
57,Syed MohammadRCB,5,5,15,5,127,15-Feb,25.4,8.46,18,0,0,2011
58,Brett LeeKKR,12,12,45,5,338,15-Mar,67.6,7.45,54.4,0,0,2011
59,Charl LangeveldtRCB,3,3,11,5,84,15-Mar,16.8,7.63,13.2,0,0,2011
60,Abhimanyu MithunRCB,12,12,34,5,321,Feb-37,64.2,9.44,40.8,0,0,2011
61,Ashok DindaDC,6,5,17,5,152,18-Apr,30.4,8.94,20.4,0,0,2011
62,Shrikant WaghPWI,7,7,16,4,121,16-Mar,30.25,7.56,24,0,0,2011
63,Suresh RainaCSK,16,12,27,4,201,Feb-00,50.25,7.3,41.25,0,0,2011
64,JP DuminyDEC,10,8,18,4,143,17-Apr,35.75,7.94,27,0,0,2011
65,Jesse RyderPWI,13,7,15,4,118,14-Feb,29.5,7.69,23,0,0,2011
66,Manpreet GonyDEC,3,3,9,4,85,31-Mar,21.25,9.44,13.5,0,0,2011
67,Tim SoutheeCSK,5,5,19,4,166,24-Mar,41.5,8.73,28.5,0,0,2011
68,P ParameswaranKTK,5,5,15,4,137,20-Feb,34.25,8.74,23.5,0,0,2011
69,Bipul SharmaPBKS,4,4,12,4,78,13-Feb,19.5,6.5,18,0,0,2011
70,Shahbaz NadeemDC,5,5,19,4,142,16-Mar,35.5,7.47,28.5,0,0,2011
71,Harmeet Singh BansalDEC,2,2,7,3,53,24-Mar,17.66,7.57,14,0,0,2011
72,Aavishkar SalviDC,2,2,8,3,66,Feb-40,22,8.25,16,0,0,2011
73,Ryan NinanRCB,2,2,6,3,65,Feb-31,21.66,10.83,12,0,0,2011
74,Ali MurtazaMI,5,5,20,3,117,15-Mar,39,5.85,40,0,0,2011
75,Bhuvneshwar KumarPWI,4,4,11,3,67,19-May,22.33,6.09,22,0,0,2011
76,James FranklinMI,8,6,10,3,99,18-Feb,33,9.73,20.33,0,0,2011
77,Anand RajanDEC,2,2,5,3,50,27-Mar,16.66,10,10,0,0,2011
78,Johan van der WathRCB,3,3,12,3,129,Feb-49,43,10.75,24,0,0,2011
79,Varun AaronDC,4,3,12,2,82,16-Mar,41,6.83,36,0,0,2011
80,Thisara PereraKTK,4,4,14,2,111,20-Mar,55.5,7.92,42,0,0,2011
81,Umesh YadavDC,7,6,18,2,169,24-Apr,84.5,9.38,54,0,0,2011
82,Ashok MenariaRR,13,9,15,2,121,20-Feb,60.5,8.06,45,0,0,2011
83,Dirk NannesRCB,2,2,4,2,31,27-Mar,15.5,7.75,12,0,0,2011
84,Virat KohliRCB,16,10,17,2,139,25-Feb,69.5,8.17,51,0,0,2011
85,Muttiah MuralitharanKTK,5,5,19,2,141,11-Mar,70.5,7.42,57,0,0,2011
86,Abhishek NayarPBKS,10,6,10,2,95,13-Mar,47.5,9.34,30.5,0,0,2011
87,Ramesh PowarKTK,5,5,12,2,112,11-Feb,56,9.33,36,0,0,2011
88,Yogesh NagarDC,11,5,5,1,67,3-Jan,67,13.4,30,0,0,2011
89,David HusseyPBKS,8,2,3,1,38,2-Feb,38,12.66,18,0,0,2011
90,Shikhar DhawanDEC,14,2,2,1,11,7-Jan,11,5.5,12,0,0,2011
91,Tillakaratne DilshanRCB,10,6,12,1,108,30-Jan,108,9,72,0,0,2011
92,Andrew SymondsMI,11,3,4,1,41,21-Mar,41,10.25,24,0,0,2011
93,Murali KartikPWI,6,6,21,1,166,17-Mar,166,7.96,125,0,0,2011
94,Nayan DoshiRR,3,3,5,1,62,15-Jan,62,11.62,32,0,0,2011
95,Nuwan KulasekaraCSK,1,1,3,1,26,10-Feb,26,8.66,18,0,0,2011
96,Jacob OramRR,2,1,2,1,32,Mar-32,32,16,12,0,0,2011
97,James FaulknerPWI,1,1,2,1,9,16-May,9,4.5,12,0,0,2011
1,Pragyan OjhaDEC,16,16,59,21,429,11-Mar,20.42,7.29,16.8,0,0,2010
2,Harbhajan SinghMI,15,14,53,17,377,18-May,22.17,7.04,18.88,0,0,2010
3,Anil KumbleRCB,16,16,63,17,407,5-May,23.94,6.42,22.35,1,0,2010
4,Amit MishraDC,14,14,53,17,363,17-May,21.35,6.84,18.7,0,0,2010
5,Vinay KumarRCB,14,14,46,16,396,Apr-40,24.75,8.57,17.31,1,0,2010
6,Zaheer KhanMI,14,14,48,15,376,17-Apr,25.06,7.77,19.33,0,0,2010
7,Dale SteynRCB,15,15,59,15,406,11-Mar,27.06,6.88,23.6,0,0,2010
8,Irfan PathanPBKS,14,14,46,15,426,24-Mar,28.4,9.19,18.53,0,0,2010
9,Kieron PollardMI,14,12,37,15,274,Apr-44,18.26,7.4,14.8,0,0,2010
10,Lasith MalingaMI,13,13,49,15,344,13-May,22.93,7.02,19.6,1,0,2010
11,Muttiah MuralitharanCSK,12,12,48,15,329,11-Mar,21.93,6.85,19.2,0,0,2010
12,Ryan HarrisDEC,8,8,30,14,233,Apr-34,16.64,7.59,13.14,0,0,2010
13,Ravichandran AshwinCSK,12,12,48,13,293,Apr-34,22.53,6.1,22.15,0,0,2010
14,RP SinghDEC,12,12,42,13,370,22-Apr,28.46,8.8,19.38,0,0,2010
15,Jacques KallisRCB,16,16,57,13,476,13-Mar,36.61,8.35,26.3,0,0,2010
16,Shadab JakatiCSK,11,11,38,13,291,22-Apr,22.38,7.65,17.53,0,0,2010
17,Piyush ChawlaPBKS,14,14,49,12,367,17-Apr,30.58,7.48,24.5,0,0,2010
18,Doug BollingerCSK,8,8,31,12,207,13-Apr,17.25,6.67,15.5,1,0,2010
19,Andrew SymondsDEC,16,16,53,12,372,21-Mar,31,7.01,26.5,0,0,2010
20,Siddharth TrivediRR,11,10,35,11,260,25-Apr,23.63,7.32,19.36,0,0,2010
21,Shane WarneRR,14,14,50,11,381,21-Apr,34.63,7.62,27.27,1,0,2010
22,Albie MorkelCSK,14,14,47,11,405,Apr-32,36.81,8.49,26,0,0,2010
23,Shaun TaitRR,8,8,31,10,264,13-Mar,26.4,8.47,18.7,0,0,2010
24,Praveen KumarRCB,12,12,45,10,380,18-Mar,38,8.44,27,0,0,2010
25,Murali KartikKKR,10,10,39,9,253,17-Mar,28.11,6.48,26,0,0,2010
26,Pradeep SangwanDC,8,8,31,9,258,18-Mar,28.66,8.32,20.66,0,0,2010
27,Ashok DindaKKR,7,7,23,9,152,18-Apr,16.88,6.56,15.44,0,0,2010
28,Shane BondKKR,8,8,31,9,224,24-Feb,24.88,7.22,20.66,0,0,2010
29,Chaminda VaasDEC,6,6,22,9,139,21-Mar,15.44,6.31,14.66,0,0,2010
30,Harmeet Singh BansalDEC,8,8,24,8,174,24-Mar,21.75,7.25,18,0,0,2010
31,MF MaharoofDC,7,7,24,8,206,Mar-34,25.75,8.58,18,0,0,2010
32,Angelo MathewsKKR,14,12,37,8,314,19-Apr,39.25,8.37,28.12,1,0,2010
33,Dilhara FernandoMI,5,5,19,7,138,18-Apr,19.71,7.26,16.28,0,0,2010
34,Ishant SharmaKKR,7,7,25,7,236,12-May,33.71,9.44,21.42,0,0,2010
35,Lakshmipathy BalajiCSK,7,7,23,7,207,24-May,29.57,8.87,20,0,0,2010
36,Dirk NannesDC,9,9,34,7,224,27-Mar,32,6.52,29.42,0,0,2010
37,Juan TheronPBKS,7,7,24,6,187,17-Feb,31.16,7.79,24,0,0,2010
38,Shane WatsonRR,6,6,22,6,184,29-Apr,30.66,8.36,22,0,0,2010
39,Umesh YadavDC,7,7,24,6,184,24-Apr,30.66,7.66,24,0,0,2010
40,Jaskaran SinghDEC,6,6,14,6,139,18-Feb,23.16,9.92,14,0,0,2010
41,Ashish NehraDC,4,4,14,6,96,10-Apr,16,6.85,14,0,0,2010
42,Shalabh SrivastavaPBKS,8,8,27,6,255,20-Feb,42.5,9.44,27,0,0,2010
43,Suresh RainaCSK,16,12,24,6,178,Feb-00,29.66,7.46,23.83,0,0,2010
44,Rahul SharmaDEC,6,6,20,5,167,13-Mar,33.4,8.08,24.8,0,0,2010
45,Ravi BoparaPBKS,10,5,13,5,127,31-Mar,25.4,9.76,15.6,0,0,2010
46,Thilan ThusharaCSK,4,4,14,5,101,16-Feb,20.2,6.96,17.4,0,0,2010
47,Aditya DoleRR,3,3,11,5,112,Feb-36,22.4,10.18,13.2,0,0,2010
48,Yusuf PathanRR,14,11,34,5,246,20-Mar,49.2,7.23,40.8,0,0,2010
49,Paul CollingwoodDC,8,6,15,5,101,19-Feb,20.2,6.8,17.8,0,0,2010
50,Yuvraj SinghPBKS,14,10,23,5,152,29-Apr,30.4,6.6,27.6,0,0,2010
51,Sumit NarwalRR,5,5,15,5,185,Mar-36,37,11.8,18.8,0,0,2010
52,Andrew McDonaldDC,4,4,14,5,138,25-Feb,27.6,9.85,16.8,0,0,2010
53,Charl LangeveldtKKR,3,3,11,5,88,15-Mar,17.6,8,13.2,0,0,2010
54,Ajit AgarkarKKR,7,7,22,4,203,25-Mar,50.75,9.22,33,0,0,2010
55,Chris GayleKKR,9,6,16,4,152,21-Mar,38,9.5,24,0,0,2010
56,Dimitri MascarenhasRR,2,2,8,4,65,25-May,16.25,8.12,12,0,0,2010
57,Dwayne BravoMI,10,10,26,4,228,22-Apr,57,8.71,39.25,0,0,2010
58,Sarabjit LaddaDC,5,5,15,4,143,Feb-44,35.75,9.53,22.5,0,0,2010
59,Ryan McLarenMI,10,10,34,4,270,28-Feb,67.5,7.94,51,0,0,2010
60,Jaydev UnadkatKKR,3,3,10,4,85,25-May,21.25,8.22,15.5,0,0,2010
61,Munaf PatelRR,4,4,13,3,118,21-May,39.33,9.07,26,0,0,2010
62,Virender SehwagDC,14,3,5,3,23,18-Feb,7.66,4.05,11.33,0,0,2010
63,Ali MurtazaMI,3,3,12,3,91,15-Mar,30.33,7.58,24,0,0,2010
64,Tillakaratne DilshanDC,6,4,8,3,70,30-Jan,23.33,8.57,16.33,0,0,2010
65,Bipul SharmaPBKS,5,4,10,3,94,13-Feb,31.33,9.4,20,0,0,2010
66,Shanthakumaran SreesanthPBKS,6,6,19,3,191,29-Mar,63.66,10.05,38,0,0,2010
67,JM KempCSK,5,5,7,3,54,12-Mar,18,7.36,14.66,0,0,2010
68,Ramesh PowarPBKS,7,7,23,3,160,11-Feb,53.33,6.95,46,0,0,2010
69,Rajat BhatiaDC,5,5,16,3,132,15-Apr,44,8.25,32,0,0,2010
70,Love AblishPBKS,2,2,4,3,36,17-Feb,12,9,8,0,0,2010
71,Laxmi Ratan ShuklaKKR,4,4,12,3,106,25-Mar,35.33,8.83,24,0,0,2010
72,Kamran KhanRR,3,3,6,3,53,18-Mar,17.66,8.83,12,0,0,2010
73,Kevin PietersenRCB,7,6,10,3,77,Feb-31,25.66,7.7,20,0,0,2010
74,Roelof van der MerweRCB,1,1,4,2,27,20-Mar,13.5,6.75,12,0,0,2010
75,Ajantha MendisKKR,2,2,8,2,66,19-Feb,33,8.25,24,0,0,2010
76,Mitchell MarshDEC,3,3,10,2,88,25-Apr,44,8.8,30,0,0,2010
77,Amit UniyalRR,2,2,6,2,66,Feb-41,33,11,18,0,0,2010
78,Pankaj SinghRCB,2,2,8,2,81,18-Feb,40.5,10.12,24,0,0,2010
79,Brad HodgeKKR,4,4,5,2,41,13-Apr,20.5,8.2,15,0,0,2010
80,Joginder SharmaCSK,3,3,8,2,89,27-Feb,44.5,11.12,24,0,0,2010
81,Rajagopal SathishMI,12,4,8,2,81,11-Jan,40.5,10.12,24,0,0,2010
82,Sanath JayasuriyaMI,4,4,9,2,68,14-Mar,34,7.55,27,0,0,2010
83,Rohit SharmaDEC,16,9,19,2,153,6-Apr,76.5,8.05,57,0,0,2010
84,Daniel VettoriDC,3,3,11,2,97,15-Mar,48.5,8.31,35,0,0,2010
85,Iqbal AbdullaKKR,3,3,8,1,61,24-Mar,61,7.17,51,0,0,2010
86,Abhimanyu MithunRCB,1,1,3,1,39,Feb-37,39,13,18,0,0,2010
87,Moises HenriquesDC,1,1,4,1,35,12-Mar,35,8.75,24,0,0,2010
88,Yusuf AbdullaPBKS,2,2,7,1,66,Apr-31,66,9.65,41,0,0,2010
89,Yo MaheshDC,1,1,3,1,23,Apr-36,23,7.66,18,0,0,2010
90,Manpreet GonyCSK,3,3,8,1,92,31-Mar,92,11.5,48,0,0,2010
91,Vikramjeet MalikPBKS,3,3,7,1,62,14-Feb,62,8.65,43,0,0,2010
92,Nayan DoshiRCB,1,1,4,1,17,15-Jan,17,4.25,24,0,0,2010
93,Dwayne SmithDEC,3,2,4,1,36,8-Apr,36,9.39,23,0,0,2010
94,Sudeep TyagiCSK,6,6,16,1,159,18-Feb,159,10.04,95,0,0,2010
95,JP DuminyMI,7,2,5,1,37,17-Apr,37,6.72,33,0,0,2010
96,KP AppannaRCB,2,2,7,1,51,19-Apr,51,7.28,42,0,0,2010
97,Dhawal KulkarniMI,1,1,4,1,40,14-Apr,40,10,24,0,0,2010
1,RP SinghDEC,16,16,59,23,417,22-Apr,18.13,6.98,15.56,1,0,2009
2,Anil KumbleRCB,16,16,59,21,347,5-May,16.52,5.86,16.9,1,1,2009
3,Pragyan OjhaDEC,15,15,53,18,348,11-Mar,19.33,6.5,17.83,0,0,2009
4,Lasith MalingaMI,13,13,49,18,312,13-May,17.33,6.3,16.5,0,0,2009
5,Irfan PathanPBKS,14,14,50,17,390,24-Mar,22.94,7.74,17.76,0,0,2009
6,Munaf PatelRR,11,11,35,16,241,21-May,15.06,6.91,13.06,0,0,2009
7,Shane WarneRR,13,13,50,14,365,21-Apr,26.07,7.3,21.42,0,0,2009
8,Muttiah MuralitharanCSK,13,13,50,14,261,11-Mar,18.64,5.22,21.42,0,0,2009
9,Amit MishraDC,11,11,42,14,294,17-May,21,6.97,18.07,0,0,2009
10,Yusuf AbdullaPBKS,9,9,28,14,241,Apr-31,17.21,8.6,12,2,0,2009
11,Lakshmipathy BalajiCSK,13,13,37,13,316,24-May,24.3,8.46,17.23,1,0,2009
12,Praveen KumarRCB,13,13,49,13,394,18-Mar,30.3,7.93,22.92,0,0,2009
13,Shadab JakatiCSK,9,8,29,13,217,22-Apr,16.69,7.48,13.38,2,0,2009
14,Albie MorkelCSK,12,12,40,13,324,Apr-32,24.92,8.1,18.46,0,0,2009
15,Harbhajan SinghMI,13,13,44,12,256,18-May,21.33,5.81,22,1,0,2009
16,Piyush ChawlaPBKS,14,14,45,12,308,17-Apr,25.66,6.86,22.41,0,0,2009
17,Rohit SharmaDEC,16,12,23,11,161,6-Apr,14.63,7,12.54,1,0,2009
18,Ishant SharmaKKR,11,11,43,11,297,12-May,27,6.9,23.45,0,0,2009
19,Dwayne BravoMI,11,11,33,11,259,22-Apr,23.54,7.8,18.09,0,0,2009
20,Roelof van der MerweRCB,10,10,34,9,248,20-Mar,27.55,7.29,22.66,0,0,2009
21,Vinay KumarRCB,11,11,32,9,271,Apr-40,30.11,8.38,21.55,0,0,2009
22,Amit SinghRR,5,5,17,9,95,19-Apr,10.55,5.42,11.66,1,0,2009
23,Suresh RainaCSK,14,10,27,7,164,Feb-00,23.42,5.92,23.71,0,0,2009
24,Sanath JayasuriyaMI,12,9,19,7,163,14-Mar,23.28,8.57,16.28,0,0,2009
25,Brad HodgeKKR,12,9,20,7,161,13-Apr,23,8.05,17.14,0,0,2009
26,Yusuf PathanRR,13,11,35,7,243,20-Mar,34.71,6.94,30,0,0,2009
27,Andrew SymondsDEC,8,8,24,7,160,21-Mar,22.85,6.66,20.57,0,0,2009
28,Ravindra JadejaRR,13,10,23,6,151,16-May,25.16,6.47,23.33,0,0,2009
29,Ryan HarrisDEC,8,8,31,6,230,Apr-34,38.33,7.41,31,0,0,2009
30,Zaheer KhanMI,6,6,21,6,142,17-Apr,23.66,6.76,21,0,0,2009
31,Shanthakumaran SreesanthPBKS,7,7,23,6,192,29-Mar,32,8.34,23,0,0,2009
32,Kamran KhanRR,5,5,17,6,124,18-Mar,20.66,7.01,17.66,0,0,2009
33,Ajit AgarkarKKR,11,11,31,6,284,25-Mar,47.33,9.16,31,0,0,2009
34,Yuvraj SinghPBKS,14,9,20,6,142,29-Apr,23.66,7.1,20,0,0,2009
35,Jacques KallisRCB,15,14,46,6,353,13-Mar,58.83,7.67,46,0,0,2009
36,Siddharth TrivediRR,7,7,20,6,152,25-Apr,25.33,7.6,20,0,0,2009
37,Dimitri MascarenhasRR,5,5,19,6,132,25-May,22,6.82,19.33,0,0,2009
38,Manpreet GonyCSK,7,7,17,5,172,31-Mar,34.4,10.11,20.4,0,0,2009
39,Ramesh PowarPBKS,9,8,21,5,132,11-Feb,26.4,6.28,25.2,0,0,2009
40,Dhawal KulkarniMI,8,8,26,5,206,14-Apr,41.2,7.92,31.2,0,0,2009
41,Brett LeePBKS,5,5,20,5,111,15-Mar,22.2,5.55,24,0,0,2009
42,Tirumalasetti SumanDEC,12,5,15,5,108,14-Feb,21.6,7.2,18,0,0,2009
43,Scott StyrisDEC,2,2,8,5,64,Mar-32,12.8,8,9.6,0,0,2009
44,Jacob OramCSK,11,7,15,5,133,Mar-32,26.6,8.58,18.6,0,0,2009
45,Sudeep TyagiCSK,8,8,19,5,136,18-Feb,27.2,7.15,22.8,0,0,2009
46,Shoaib AhmedDEC,7,7,17,5,152,20-Feb,30.4,8.94,20.4,0,0,2009
47,Dillon du PreezRCB,2,2,7,4,56,Mar-32,14,8,10.5,0,0,2009
48,Balachandra AkhilRCB,6,5,11,4,80,17-Feb,20,7.27,16.5,0,0,2009
49,Ashok DindaKKR,9,8,24,4,193,18-Apr,48.25,8.04,36,0,0,2009
50,Chaminda VaasDEC,2,2,8,4,71,21-Mar,17.75,8.87,12,0,0,2009
51,Venugopal RaoDEC,16,6,15,4,122,23-Feb,30.5,8.13,22.5,0,0,2009
52,Murali KartikKKR,10,10,34,4,201,17-Mar,50.25,5.91,51,0,0,2009
53,Abhishek NayarMI,13,4,12,4,84,13-Mar,21,7,18,0,0,2009
54,Kevin PietersenRCB,6,4,13,4,85,Feb-31,21.25,6.53,19.5,0,0,2009
55,JP DuminyMI,13,6,17,4,93,17-Apr,23.25,5.31,26.25,0,0,2009
56,Wilkin MotaPBKS,8,5,9,3,61,24-Jan,20.33,6.77,18,0,0,2009
57,Shane HarwoodRR,3,3,10,3,73,25-Feb,24.33,7.3,20,0,0,2009
58,Thilan ThusharaCSK,2,2,8,3,60,16-Feb,20,7.5,16,0,0,2009
59,Laxmi Ratan ShuklaKKR,9,5,14,3,100,25-Mar,33.33,7.14,28,0,0,2009
60,Ajantha MendisKKR,4,4,16,3,117,19-Feb,39,7.31,32,0,0,2009
61,Charl LangeveldtKKR,1,1,4,3,15,15-Mar,5,3.75,8,0,0,2009
62,Johan BothaRR,3,3,12,3,74,6-Mar,24.66,6.16,24,0,0,2009
63,Jesse RyderRCB,5,5,17,3,115,14-Feb,38.33,6.76,34,0,0,2009
64,Harmeet Singh BansalDEC,7,7,23,3,192,24-Mar,64,8.4,45.66,0,0,2009
65,Ravichandran AshwinCSK,2,1,4,2,13,Apr-34,6.5,3.25,12,0,0,2009
66,Andrew FlintoffCSK,3,3,11,2,105,11-Jan,52.5,9.54,33,0,0,2009
67,Anureet SinghKKR,3,2,5,2,47,23-Mar,23.5,9.4,15,0,0,2009
68,Chetanya NandaMI,3,3,8,2,57,4-Jan,28.5,7.12,24,0,0,2009
69,Vikramjeet MalikPBKS,5,5,12,2,98,14-Feb,49,8.16,36,0,0,2009
70,Dale SteynRCB,3,3,9,2,62,11-Mar,31,6.88,27,0,0,2009
71,Sourav GangulyKKR,13,6,12,2,97,21-Feb,48.5,8.08,36,0,0,2009
72,Joginder SharmaCSK,4,4,7,2,57,27-Feb,28.5,8.14,21,0,0,2009
73,KP AppannaRCB,5,5,12,2,87,19-Apr,43.5,7.25,36,0,0,2009
74,Moises HenriquesKKR,4,4,12,2,107,12-Mar,53.5,8.79,36.5,0,0,2009
75,Pankaj SinghRCB,3,3,7,2,65,18-Feb,32.5,9.28,21,0,0,2009
76,Dwayne SmithDEC,8,8,14,1,124,8-Apr,124,8.85,84,0,0,2009
77,Tyron HendersonRR,2,2,6,1,40,30-Jan,40,6.66,36,0,0,2009
78,Graham NapierMI,1,1,4,1,27,27-Jan,27,6.75,24,0,0,2009
79,Vikram SinghPBKS,5,4,9,1,82,29-Mar,82,9.11,54,0,0,2009
80,Chris GayleKKR,7,7,19,1,144,21-Mar,144,7.64,113,0,0,2009
81,Rohan RajeMI,4,4,7,1,72,16-Feb,72,10.53,41,0,0,2009
1,Sohail TanvirRR,11,11,41,22,266,14-Jun,12.09,6.46,11.22,1,1,2008
2,Shane WarneRR,15,15,52,19,404,21-Apr,21.26,7.76,16.42,0,0,2008
3,Shanthakumaran SreesanthPBKS,15,15,51,19,442,29-Mar,23.26,8.63,16.15,0,0,2008
4,Piyush ChawlaPBKS,15,15,47,17,389,17-Apr,22.88,8.3,16.52,0,0,2008
5,Albie MorkelCSK,13,13,48,17,399,Apr-32,23.47,8.31,16.94,1,0,2008
6,Shane WatsonRR,15,15,54,17,383,29-Apr,22.52,7.07,19.11,0,0,2008
7,Manpreet GonyCSK,16,16,60,17,443,31-Mar,26.05,7.38,21.17,0,0,2008
8,Yo MaheshDC,11,11,42,16,370,Apr-36,23.12,8.77,15.81,1,0,2008
9,Irfan PathanPBKS,14,14,53,15,350,24-Mar,23.33,6.6,21.2,0,0,2008
10,RP SinghDEC,14,14,51,15,442,22-Apr,29.46,8.61,20.53,0,0,2008
11,MF MaharoofDC,10,10,36,15,249,Mar-34,16.6,6.91,14.4,0,0,2008
12,Munaf PatelRR,15,15,55,14,420,21-May,30,7.63,23.57,0,0,2008
13,Zaheer KhanRCB,11,11,42,13,357,17-Apr,27.46,8.5,19.38,0,0,2008
14,Siddharth TrivediRR,15,15,48,13,399,25-Apr,30.69,8.31,22.15,0,0,2008
15,Ashish NehraMI,14,14,45,12,348,10-Apr,29,7.76,22.41,0,0,2008
16,Glenn McGrathDC,14,14,54,12,357,29-Apr,29.75,6.61,27,1,0,2008
17,Umar GulKKR,6,6,22,12,184,23-Apr,15.33,8.17,11.25,1,0,2008
18,Lakshmipathy BalajiCSK,9,9,33,11,286,24-May,26,8.66,18,0,1,2008
19,Shaun PollockMI,13,13,46,11,301,12-Mar,27.36,6.54,25.09,0,0,2008
20,Amit MishraDC,6,6,20,11,142,17-May,12.9,7.15,10.81,0,1,2008
21,Dwayne BravoMI,9,9,28,11,232,22-Apr,21.09,8.14,15.54,0,0,2008
22,Muttiah MuralitharanCSK,15,15,58,11,404,11-Mar,36.72,6.96,31.63,0,0,2008
23,Dhawal KulkarniMI,10,10,29,11,236,14-Apr,21.45,8,16.09,0,0,2008
24,Vikram SinghPBKS,13,13,48,11,420,29-Mar,38.18,8.75,26.18,0,0,2008
25,Pragyan OjhaDEC,13,12,37,11,284,11-Mar,25.81,7.67,20.18,0,0,2008
26,Praveen KumarRCB,13,13,44,11,366,18-Mar,33.27,8.19,24.36,0,0,2008
27,Dilhara FernandoMI,5,5,20,10,160,18-Apr,16,8,12,1,0,2008
28,Dale SteynRCB,10,10,38,10,252,11-Mar,25.2,6.63,22.8,0,0,2008
29,Shahid AfridiDEC,10,10,30,9,225,28-Mar,25,7.5,20,0,0,2008
30,Ajit AgarkarKKR,9,9,26,8,207,25-Mar,25.87,7.96,19.5,0,0,2008
31,Mohammad AsifDC,8,8,32,8,296,19-Feb,37,9.25,24,0,0,2008
32,Joginder SharmaCSK,8,7,24,8,239,27-Feb,29.87,9.68,18.5,0,0,2008
33,Ashok DindaKKR,13,12,38,8,258,18-Apr,32.25,6.78,28.5,0,0,2008
34,Yusuf PathanRR,16,13,28,8,230,20-Mar,28.75,8.16,21.12,0,0,2008
35,Ishant SharmaKKR,13,13,43,8,331,12-May,41.37,7.66,32.37,0,0,2008
36,James HopesPBKS,11,11,28,7,276,2-Feb,39.42,9.85,24,0,0,2008
37,Palani AmarnathCSK,6,6,22,7,236,Feb-29,33.71,10.72,18.85,0,0,2008
38,Anil KumbleRCB,10,10,38,7,304,5-May,43.42,7.93,32.85,0,0,2008
39,Makhaya NtiniCSK,9,9,35,7,242,21-Apr,34.57,6.91,30,1,0,2008
40,Laxmi Ratan ShuklaKKR,13,9,12,6,124,25-Mar,20.66,10.33,12,0,0,2008
41,Rajat BhatiaDC,9,9,22,6,183,15-Apr,30.5,8.31,22,0,0,2008
42,Sourav GangulyKKR,13,7,20,6,128,21-Feb,21.33,6.4,20,0,0,2008
43,Rohan RajeMI,6,6,16,5,137,16-Feb,27.4,8.38,19.6,0,0,2008
44,Harbhajan SinghMI,3,3,10,5,82,18-May,16.4,8.2,12,0,0,2008
45,Dwayne SmithMI,4,4,11,5,83,8-Apr,16.6,7.54,13.2,0,0,2008
46,Shoaib AkhtarKKR,3,3,7,5,54,11-Apr,10.8,7.71,8.4,1,0,2008
47,Chaminda VaasDEC,5,5,17,5,145,21-Mar,29,8.52,20.4,0,0,2008
48,Vinay KumarRCB,8,8,23,5,182,Apr-40,36.4,7.91,27.6,0,0,2008
49,Pradeep SangwanDC,7,7,24,5,215,18-Mar,43,8.95,28.8,0,0,2008
50,Brett LeePBKS,4,4,16,4,112,15-Mar,28,7,24,0,0,2008
51,Sanath JayasuriyaMI,14,8,21,4,159,14-Mar,39.75,7.57,31.5,0,0,2008
52,Sanjay BangarDEC,11,9,25,4,219,Feb-34,54.75,8.76,37.5,0,0,2008
53,Jacques KallisRCB,11,11,34,4,311,13-Mar,77.75,9.05,51.5,0,0,2008
54,Paidikalva VijaykumarDEC,9,9,25,4,199,17-Jan,49.75,7.85,38,0,0,2008
55,Scott StyrisDEC,8,8,27,3,199,Mar-32,66.33,7.37,54,0,0,2008
56,Virender SehwagDC,14,7,11,3,133,18-Feb,44.33,12.09,22,0,0,2008
57,Yuvraj SinghPBKS,15,6,9,3,83,29-Apr,27.66,9.22,18,0,0,2008
58,Murali KartikKKR,6,5,14,3,127,17-Mar,42.33,8.65,29.33,0,0,2008
59,Ramesh PowarPBKS,5,5,12,3,91,11-Feb,30.33,7.58,24,0,0,2008
60,Jacob OramCSK,4,4,16,3,149,Mar-32,49.66,9.31,32,0,0,2008
61,Gajendra SinghRR,4,4,14,3,141,Jan-33,47,10.07,28,0,0,2008
62,Dominic ThornelyMI,6,4,7,3,40,7-Feb,13.33,5.71,14,0,0,2008
63,David HusseyKKR,13,5,13,2,130,2-Feb,65,10,39,0,0,2008
64,Daniel VettoriDC,2,2,8,2,54,15-Mar,27,6.75,24,0,0,2008
65,Venugopal RaoDEC,11,7,14,2,137,23-Feb,68.5,9.78,42,0,0,2008
66,Dimitri MascarenhasRR,1,1,4,2,29,25-May,14.5,7.25,12,0,0,2008
67,Virat KohliRCB,13,4,7,2,61,25-Feb,30.5,7.95,23,0,0,2008
68,Doddapaneni KalyankrishnaDEC,3,3,8,2,87,30-Jan,43.5,10.87,24,0,0,2008
69,Siddharth ChitnisMI,3,2,6,2,60,Feb-40,30,10,18,0,0,2008
70,Shoaib MalikDC,7,5,8,2,85,6-Jan,42.5,10,25.5,0,0,2008
71,Balachandra AkhilRCB,7,6,17,2,134,17-Feb,67,7.73,52,0,0,2008
72,Musavir KhoteMI,4,2,5,2,51,Feb-29,25.5,10.2,15,0,0,2008
73,Nuwan ZoysaDEC,3,3,11,2,99,30-Jan,49.5,9,33,0,0,2008
74,Ashley NoffkeRCB,1,1,4,1,40,Jan-40,40,10,24,0,0,2008
75,Wilkin MotaPBKS,4,2,3,1,36,24-Jan,36,12,18,0,0,2008
76,Brett GeevesDC,2,2,8,1,91,Jan-50,91,11.37,48,0,0,2008
77,Andre NelMI,1,1,3,1,31,31-Jan,31,10.33,18,0,0,2008
78,Rohit SharmaDEC,13,1,4,1,25,6-Apr,25,6.25,24,0,0,2008
79,Ajantha MendisKKR,1,1,4,1,24,19-Feb,24,6,24,0,0,2008
80,Vidyut SivaramakrishnanCSK,9,1,2,1,22,22-Jan,22,11,12,0,0,2008
81,Suresh RainaCSK,16,2,3,1,30,Feb-00,30,9,20,0,0,2008
82,Sunil JoshiRCB,4,4,9,1,82,27-Jan,82,8.94,55,0,0,2008
83,Dinesh SalunkheRR,6,5,8,1,78,21-Jan,78,9.95,47,0,0,2008
84,Dwaraka Ravi TejaDEC,7,1,2,1,19,19-Jan,19,9.5,12,0,0,2008
85,Mohammad HafeezKKR,8,2,5,1,24,8-Jan,24,4.8,30,0,0,2008
86,Abhishek NayarMI,14,5,7,1,68,13-Mar,68,9.71,42,0,0,2008
87,PM Sarvesh KumarDEC,2,2,5,1,42,18-Jan,42,8.4,30,0,0,2008
