,Player,Mat,Inns,NO,Runs,HS,Avg,BF,SR,100,50,4s,6s
0,Virat Kohli,16,16,4,973,113.0,,640,152.03,4,7,83,38
1,David Warner,17,17,3,848,93.0,,560,151.42,0,9,88,31
2,AB de Villiers,16,16,3,687,129.0,,407,168.79,1,6,57,37
3,Gautam Gambhir,15,15,2,501,90.0,,411,121.89,0,5,54,6
4,Shikhar Dhawan,17,17,4,501,82.0,,429,116.78,0,4,51,8
5,Rohit Sharma,14,14,3,489,85.0,,368,132.88,0,5,49,16
6,Ajinkya Rahane,14,14,3,480,74.0,,379,126.64,0,6,54,9
7,Murali Vijay,14,14,1,453,89.0,,364,124.45,0,5,50,10
8,Quinton de Kock,13,13,1,445,108.0,,327,136.08,1,3,52,13
9,Suresh Raina,15,15,1,399,75.0,,312,127.88,0,3,39,10
10,KL Rahul,14,12,3,397,68.0,,271,146.49,0,4,37,16
11,Robin Uthappa,15,15,0,394,72.0,,289,136.33,0,3,45,8
12,Aaron Finch,13,12,2,393,74.0,,299,131.43,0,5,45,11
13,Yusuf Pathan,15,13,8,361,63.0,,248,145.56,0,3,33,13
14,Karun Nair,14,12,2,357,83.0,,297,120.2,0,3,40,6
15,Brendon McCullum,16,16,0,354,60.0,,262,135.11,0,1,38,16
16,Dinesh Karthik,16,15,2,335,53.0,,266,125.93,0,3,38,3
17,Ambati Rayudu,13,12,1,334,65.0,,278,120.14,0,2,28,12
18,Dwayne Smith,12,12,1,324,73.0,,221,146.6,0,3,35,16
19,Sanju Samson,14,14,3,291,60.0,,259,112.35,0,1,20,8
20,MS Dhoni,14,12,5,284,64.0,,210,135.23,0,1,18,14
21,Steve Smith,8,7,1,270,101.0,,176,153.4,1,0,27,8
22,Wriddhiman Saha,12,12,1,270,56.0,,212,127.35,0,2,29,1
23,Jos Buttler,14,14,3,255,41.0,,184,138.58,0,0,23,11
24,Manish Pandey,12,11,3,248,52.0,,183,135.51,0,2,17,9
25,Krunal Pandya,12,9,3,237,86.0,,124,191.12,0,1,22,13
26,Yuvraj Singh,10,10,1,236,44.0,,179,131.84,0,0,22,13
27,Chris Gayle,10,10,0,227,76.0,,150,151.33,0,2,17,21
28,Kieron Pollard,13,12,4,207,51.0,,144,143.75,0,1,11,16
29,Faf du Plessis,6,6,0,206,69.0,,162,127.16,0,2,17,9
30,Rishabh Pant,10,10,2,198,69.0,,152,130.26,0,1,19,6
31,Chris Morris,12,7,4,195,82.0,,109,178.89,0,1,15,12
32,JP Duminy,10,8,3,191,49.0,,156,122.43,0,0,13,3
33,Ravindra Jadeja,15,15,6,191,36.0,,178,107.3,0,0,14,4
34,Andre Russell,12,8,1,188,39.0,,114,164.91,0,0,10,15
35,Suryakumar Yadav,15,11,4,182,60.0,,143,127.27,0,1,18,5
36,Moises Henriques,17,15,3,182,31.0,,158,115.18,0,0,15,6
37,Glenn Maxwell,11,11,2,179,68.0,,124,144.35,0,2,14,8
38,Shane Watson,16,15,2,179,36.0,,134,133.58,0,0,14,12
39,Parthiv Patel,10,10,0,177,81.0,,152,116.44,0,1,23,4
40,Saurabh Tiwary,10,7,0,170,57.0,,141,120.56,0,2,17,4
41,Manan Vohra,7,7,0,161,51.0,,131,122.9,0,1,19,3
42,David Miller,14,13,3,161,31.0,,131,122.9,0,0,11,4
43,Shaun Marsh,6,6,1,159,56.0,,134,118.65,0,1,13,4
44,Hashim Amla,6,6,0,157,96.0,,119,131.93,0,1,20,4
45,Thisara Perera,12,10,3,150,34.0,,93,161.29,0,0,7,11
46,Marcus Stoinis,7,5,1,146,52.0,,108,135.18,0,1,13,4
47,Deepak Hooda,17,15,1,144,34.0,,121,119.0,0,0,9,5
48,Naman Ojha,17,13,3,136,37.0,,138,98.55,0,0,7,5
49,Usman Khawaja,6,6,0,127,30.0,,100,127.0,0,0,14,3
50,Kane Williamson,6,6,0,124,50.0,,122,101.63,0,1,14,0
51,Eoin Morgan,7,6,1,123,51.0,,105,117.14,0,1,8,4
52,Sachin Baby,11,6,1,119,33.0,,79,150.63,0,0,9,5
53,Shakib Al Hasan,10,7,2,114,66.0,,106,107.54,0,1,7,5
54,Gurkeerat Mann Singh,7,6,1,113,51.0,,86,131.39,0,1,11,3
55,Axar Patel,14,10,3,111,36.0,,77,144.15,0,0,4,8
56,Nitish Rana,4,3,0,104,70.0,,75,138.66,0,1,7,8
57,Dwayne Bravo,15,13,5,99,22.0,,82,120.73,0,0,11,1
58,Harbhajan Singh,14,7,4,92,45.0,,84,109.52,0,0,11,2
59,Sam Billings,5,4,0,88,54.0,,64,137.5,0,1,4,4
60,George Bailey,6,5,1,84,34.0,,98,85.71,0,0,9,2
61,Carlos Brathwaite,8,6,0,83,34.0,,38,218.42,0,0,6,8
62,James Faulkner,7,5,2,77,32.0,,59,130.5,0,0,7,0
63,Kevin Pietersen,4,4,2,73,37.0,,61,119.67,0,0,4,3
64,Sarfaraz Khan,5,4,2,66,35.0,,31,212.9,0,0,7,4
65,Ben Cutting,4,4,2,65,39.0,,34,191.17,0,0,4,6
66,Stuart Binny,14,6,3,63,21.0,,39,161.53,0,0,5,4
67,Martin Guptill,3,3,0,57,48.0,,55,103.63,0,0,3,3
68,Pawan Negi,8,6,4,57,19.0,,59,96.61,0,0,2,3
69,Travis Head,3,3,1,54,37.0,,40,135.0,0,0,3,2
70,Bipul Sharma,7,4,2,51,27.0,,25,204.0,0,0,1,5
71,Ashish Reddy,4,3,1,47,32.0,,29,162.06,0,0,2,4
72,Hardik Pandya,11,9,2,44,9.0,,63,69.84,0,0,4,0
73,Bhuvneshwar Kumar,17,8,2,43,21.0,,27,159.25,0,0,6,1
74,Kedar Jadhav,4,3,3,42,25.0,,32,131.25,0,0,2,2
75,Ishan Kishan,5,5,0,42,27.0,,41,102.43,0,0,5,0
76,Ravichandran Ashwin,14,6,4,41,29.0,,38,107.89,0,0,3,1
77,Iqbal Abdulla,8,2,2,37,33.0,,27,137.03,0,0,4,1
78,Karn Sharma,5,3,3,36,26.0,,30,120.0,0,0,3,1
79,Rajat Bhatia,10,6,5,34,21.0,,20,170.0,0,0,1,2
80,Mitchell McClenaghan,14,5,2,34,20.0,,23,147.82,0,0,2,3
81,Mohit Sharma,14,6,2,32,15.0,,26,123.07,0,0,3,1
82,Colin Munro,4,3,0,30,16.0,,30,100.0,0,0,3,0
83,Shreyas Iyer,6,6,0,30,19.0,,43,69.76,0,0,2,1
84,Tim Southee,11,4,1,30,25.0,,19,157.89,0,0,1,2
85,Praveen Kumar,16,7,3,28,15.0,,27,103.7,0,0,4,0
86,Mayank Agarwal,3,3,0,27,10.0,,25,108.0,0,0,3,1
87,Piyush Chawla,12,3,0,27,11.0,,26,103.84,0,0,4,0
88,Chris Lynn,2,2,1,25,15.0,,22,113.63,0,0,0,1
89,Eklavya Dwivedi,4,2,0,24,19.0,,14,171.42,0,0,2,2
90,Rajagopal Sathish,4,3,0,24,10.0,,24,100.0,0,0,1,1
91,Nikhil Naik,2,2,0,23,22.0,,31,74.19,0,0,1,0
92,Dhawal Kulkarni,14,5,3,23,6.0,,15,153.33,0,0,2,0
93,Jason Holder,4,4,0,22,13.0,,19,115.78,0,0,2,1
94,Akshdeep Nath,4,3,0,20,12.0,,27,74.07,0,0,1,0
95,Pradeep Sahu,5,2,1,19,18.0,,13,146.15,0,0,1,1
96,Albie Morkel,2,1,0,16,16.0,,9,177.77,0,0,0,2
97,Rishi Dhawan,2,2,2,14,11.0,,6,233.33,0,0,0,1
98,Farhaan Behardien,3,3,1,14,9.0,,13,107.69,0,0,2,0
99,Vinay Kumar,3,2,1,13,12.0,,12,108.33,0,0,0,1
100,KC Cariappa,5,2,1,13,12.0,,11,118.18,0,0,0,1
101,Kyle Abbott,5,3,2,13,12.0,,8,162.5,0,0,0,1
102,Irfan Pathan,4,3,0,11,7.0,,13,84.61,0,0,0,0
103,Parveez Rasool,4,1,0,10,10.0,,9,111.11,0,0,1,0
104,Nathan Coulter-Nile,4,2,2,9,7.0,,14,64.28,0,0,1,0
105,Umesh Yadav,9,2,1,9,7.0,,5,180.0,0,0,0,1
106,Lendl Simmons,1,1,0,8,8.0,,8,100.0,0,0,0,1
107,Aditya Tare,3,2,0,8,8.0,,15,53.33,0,0,1,0
108,Jasprit Bumrah,14,2,1,8,6.0,,11,72.72,0,0,1,0
109,Sandeep Sharma,14,4,4,8,5.0,,9,88.88,0,0,0,0
110,Mitchell Marsh,3,1,0,7,7.0,,11,63.63,0,0,0,0
111,Pravin Tambe,7,1,1,7,7.0,,19,36.84,0,0,1,0
112,Sunil Narine,11,4,3,7,4.0,,13,53.84,0,0,0,0
113,Peter Handscomb,2,1,0,6,6.0,,12,50.0,0,0,0,0
114,Jayant Yadav,5,2,0,6,5.0,,10,60.0,0,0,0,0
115,Zaheer Khan,12,2,0,6,4.0,,13,46.15,0,0,1,0
116,David Wiese,1,1,1,5,5.0,,4,125.0,0,0,0,0
117,Mitchell Johnson,3,3,1,5,4.0,,14,35.71,0,0,0,0
118,Imran Tahir,4,1,0,5,5.0,,7,71.42,0,0,1,0
119,Amit Mishra,14,2,0,4,3.0,,14,28.57,0,0,0,0
120,Barinder Sran,14,4,4,4,2.0,,4,100.0,0,0,0,0
121,Ankit Sharma,3,1,1,3,3.0,,3,100.0,0,0,0,0
122,Chris Jordan,9,1,0,3,3.0,,4,75.0,0,0,0,0
123,Shreyas Gopal,1,1,0,2,2.0,,16,12.5,0,0,0,0
124,Mohammad Shami,8,2,2,2,2.0,,4,50.0,0,0,0,0
125,Dale Steyn,1,1,0,1,1.0,,2,50.0,0,0,0,0
126,Kane Richardson,4,1,1,1,1.0,,1,100.0,0,0,0,0
127,Shahbaz Nadeem,4,1,1,1,1.0,,5,20.0,0,0,0,0
128,Shadab Jakati,6,1,1,1,1.0,,2,50.0,0,0,0,0
129,Ashish Nehra,8,2,2,1,1.0,,1,100.0,0,0,0,0
130,Morne Morkel,10,2,2,1,1.0,,1,100.0,0,0,0,0
131,Swapnil Singh,1,1,0,0,0.0,,1,0.0,0,0,0,0
132,Unmukt Chand,1,1,0,0,0.0,,4,0.0,0,0,0,0
133,Adam Zampa,5,1,0,0,0.0,,1,0.0,0,0,0,0
134,Shivil Kaushik,7,2,1,0,0.0,,1,0.0,0,0,0,0
135,Murugan Ashwin,10,1,0,0,0.0,,1,0.0,0,0,0,0
0,David Warner,14,14,3,641,126.0,,452,141.81,1,4,63,26
1,Gautam Gambhir,16,16,4,498,76.0,,389,128.02,0,4,61,7
2,Shikhar Dhawan,14,14,1,479,77.0,,376,127.39,0,3,53,9
3,Steve Smith,15,15,3,472,84.0,,387,121.96,0,3,38,12
4,Suresh Raina,14,14,3,442,84.0,,307,143.97,0,3,42,13
5,Hashim Amla,10,10,3,420,104.0,,288,145.83,2,2,40,17
6,Manish Pandey,14,13,5,396,81.0,,308,128.57,0,2,28,12
7,Parthiv Patel,16,16,0,395,70.0,,293,134.81,0,2,49,8
8,Rahul Tripathi,14,14,0,391,93.0,,267,146.44,0,2,43,17
9,Robin Uthappa,14,13,0,388,87.0,,235,165.1,0,5,36,21
10,Sanju Samson,14,14,0,386,102.0,,273,141.39,1,2,32,19
11,Kieron Pollard,17,16,3,385,70.0,,276,139.49,0,3,26,22
12,Ajinkya Rahane,16,16,1,382,60.0,,323,118.26,0,2,35,9
13,Rishabh Pant,14,14,0,366,97.0,,221,165.61,0,2,28,24
14,Dinesh Karthik,14,13,3,361,65.0,,259,139.38,0,2,30,11
15,Shreyas Iyer,12,12,2,338,96.0,,243,139.09,0,2,36,10
16,Nitish Rana,13,12,1,333,62.0,,264,126.13,0,3,24,17
17,Rohit Sharma,17,16,2,333,67.0,,273,121.97,0,3,31,9
18,Manoj Tiwary,15,13,3,324,60.0,,236,137.28,0,2,31,11
19,Brendon McCullum,11,11,0,319,72.0,,217,147.0,0,2,29,18
20,Ben Stokes,12,11,1,316,103.0,,221,142.98,1,1,22,15
21,Glenn Maxwell,14,13,3,310,47.0,,179,173.18,0,0,19,26
22,Virat Kohli,10,10,0,308,64.0,,252,122.22,0,4,23,11
23,Aaron Finch,13,13,1,299,72.0,,180,166.11,0,2,25,19
24,Chris Lynn,7,7,1,295,93.0,,163,180.98,0,3,25,19
25,MS Dhoni,16,15,4,290,61.0,,250,116.0,0,1,15,16
26,Karun Nair,14,13,0,281,64.0,,226,124.33,0,1,39,6
27,Ishan Kishan,11,10,0,277,61.0,,206,134.46,0,1,29,13
28,Moises Henriques,12,11,5,277,55.0,,203,136.45,0,3,28,4
29,Jos Buttler,10,10,0,272,77.0,,177,153.67,0,1,27,15
30,Kedar Jadhav,13,13,1,267,69.0,,186,143.54,0,1,25,10
31,Shaun Marsh,9,8,0,264,84.0,,194,136.08,0,2,36,5
32,Kane Williamson,7,7,1,256,89.0,,169,151.47,0,2,20,10
33,Yuvraj Singh,12,11,2,252,70.0,,177,142.37,0,2,30,8
34,Hardik Pandya,17,16,9,250,35.0,,160,156.25,0,0,11,20
35,Krunal Pandya,13,11,4,243,47.0,,179,135.75,0,0,24,7
36,Dwayne Smith,12,12,1,239,74.0,,156,153.2,0,2,32,8
37,Wriddhiman Saha,14,11,1,234,93.0,,187,125.13,0,1,20,8
38,Manan Vohra,11,9,0,229,95.0,,159,144.02,0,1,23,9
39,Axar Patel,14,13,5,227,44.0,,162,140.12,0,0,11,11
40,Sunil Narine,16,14,1,224,54.0,,130,172.3,0,1,34,10
41,AB de Villiers,9,9,1,216,89.0,,163,132.51,0,1,12,16
42,Chris Gayle,9,9,0,200,77.0,,163,122.69,0,1,15,14
43,Mandeep Singh,11,10,0,188,52.0,,177,106.21,0,1,21,4
44,Ravindra Jadeja,12,10,6,158,28.0,,113,139.82,0,0,13,4
45,Chris Morris,9,9,4,154,52.0,,94,163.82,0,1,15,6
46,Travis Head,7,7,2,151,75.0,,108,139.81,0,1,9,6
47,Pawan Negi,12,10,2,144,35.0,,111,129.72,0,0,10,7
48,Yusuf Pathan,15,11,3,143,59.0,,115,124.34,0,1,9,6
49,Corey Anderson,11,11,4,142,41.0,,123,115.44,0,0,8,9
50,Sam Billings,6,6,0,138,55.0,,104,132.69,0,1,19,1
51,Lendl Simmons,7,7,0,137,66.0,,112,122.32,0,2,10,8
52,Martin Guptill,7,7,1,132,50.0,,88,150.0,0,1,17,5
53,Colin de Grandhomme,12,9,1,126,36.0,,92,136.95,0,0,10,6
54,Suryakumar Yadav,10,7,1,105,31.0,,88,119.31,0,0,8,3
55,Vijay Shankar,4,4,2,101,63.0,,75,134.66,0,1,12,1
56,Ambati Rayudu,5,5,0,91,63.0,,78,116.66,0,1,7,3
57,David Miller,5,4,1,83,30.0,,80,103.75,0,0,4,4
58,Dan Christian,13,9,4,79,17.0,,49,161.22,0,0,5,5
59,Naman Ojha,14,5,1,79,34.0,,65,121.53,0,0,2,3
60,Stuart Binny,8,7,2,78,18.0,,76,102.63,0,0,6,3
61,Deepak Hooda,10,6,3,78,19.0,,52,150.0,0,0,5,4
62,Pat Cummins,12,9,4,77,24.0,,53,145.28,0,0,5,4
63,Shane Watson,8,7,1,71,24.0,,78,91.02,0,0,6,1
64,Eoin Morgan,4,4,0,65,26.0,,62,104.83,0,0,6,2
65,Jason Roy,3,3,1,59,31.0,,40,147.5,0,0,9,1
66,Kagiso Rabada,6,3,0,55,44.0,,64,85.93,0,0,5,1
67,James Faulkner,8,6,2,54,21.0,,57,94.73,0,0,4,0
68,Andrew Tye,6,3,1,53,25.0,,30,176.66,0,0,4,3
69,Saurabh Tiwary,1,1,0,52,52.0,,43,120.93,0,1,9,0
70,Ben Cutting,4,3,1,51,20.0,,26,196.15,0,0,5,3
71,Mohit Sharma,14,7,1,51,13.0,,50,102.0,0,0,3,1
72,Karn Sharma,9,6,0,49,19.0,,41,119.51,0,0,5,2
73,Amit Mishra,14,6,5,49,13.0,,52,94.23,0,0,2,2
74,Chris Woakes,13,7,3,46,18.0,,47,97.87,0,0,4,1
75,Sheldon Jackson,4,3,1,38,16.0,,31,122.58,0,0,5,0
76,Mohammad Shami,8,6,2,36,21.0,,24,150.0,0,0,4,2
77,Ishank Jaggi,2,2,1,33,28.0,,39,84.61,0,0,3,0
78,Angelo Mathews,3,2,0,32,31.0,,27,118.51,0,0,2,1
79,Sreenath Aravind,10,8,4,32,9.0,,40,80.0,0,0,2,0
80,Bipul Sharma,7,3,2,31,21.0,,24,129.16,0,0,2,1
81,Marlon Samuels,5,4,0,29,27.0,,31,93.54,0,0,1,2
82,Basil Thampi,12,5,5,28,13.0,,28,100.0,0,0,1,1
83,Mayank Agarwal,3,3,0,26,20.0,,27,96.29,0,0,3,0
84,Ankit Sharma,1,1,0,25,25.0,,15,166.66,0,0,2,1
85,Aniket Choudhary,5,3,2,25,15.0,,20,125.0,0,0,1,1
86,Mitchell Johnson,5,3,3,20,13.0,,17,117.64,0,0,1,1
87,Kuldeep Yadav,12,2,0,20,16.0,,22,90.9,0,0,2,0
88,Rahul Tewatia,3,2,1,19,15.0,,11,172.72,0,0,4,0
89,Vishnu Vinod,3,3,0,19,9.0,,26,73.07,0,0,1,1
90,Aditya Tare,3,3,0,18,18.0,,23,78.26,0,0,3,0
91,Marcus Stoinis,5,3,0,17,9.0,,24,70.83,0,0,1,0
92,Rajat Bhatia,3,2,1,16,16.0,,17,94.11,0,0,0,1
93,Harbhajan Singh,11,7,5,16,7.0,,16,100.0,0,0,0,1
94,Mitchell McClenaghan,14,7,3,16,12.0,,15,106.66,0,0,0,1
95,Jasprit Bumrah,16,2,1,16,16.0,,12,133.33,0,0,0,1
96,Anureet Singh,1,1,0,15,15.0,,12,125.0,0,0,2,0
97,Sachin Baby,3,3,0,15,12.0,,15,100.0,0,0,2,0
98,Deepak Chahar,3,1,0,14,14.0,,6,233.33,0,0,0,2
99,Nathan Coulter-Nile,8,3,0,14,6.0,,12,116.66,0,0,0,2
100,Samuel Badree,7,5,0,13,8.0,,23,56.52,0,0,0,0
101,Yuzvendra Chahal,13,6,3,13,4.0,,26,50.0,0,0,0,0
102,Ankit Bawne,1,1,1,12,12.0,,12,100.0,0,0,1,0
103,Carlos Brathwaite,2,2,0,12,11.0,,15,80.0,0,0,2,0
104,Swapnil Singh,4,2,0,12,10.0,,19,63.15,0,0,0,0
105,Rashid Khan,14,3,1,11,6.0,,9,122.22,0,0,0,1
106,Umesh Yadav,14,4,4,10,4.0,,13,76.92,0,0,0,0
107,Washington Sundar,11,5,4,9,5.0,,12,75.0,0,0,0,0
108,Faf du Plessis,2,1,0,8,8.0,,7,114.28,0,0,1,0
109,Tymal Mills,5,3,0,8,6.0,,11,72.72,0,0,0,1
110,Ishant Sharma,6,3,1,8,5.0,,12,66.66,0,0,1,0
111,Praveen Kumar,6,2,1,8,7.0,,9,88.88,0,0,0,0
112,Ashok Dinda,3,1,0,7,7.0,,7,100.0,0,0,1,0
113,Tim Southee,3,1,0,7,7.0,,3,233.33,0,0,0,1
114,Adam Milne,4,3,1,7,5.0,,12,58.33,0,0,0,0
115,Ankit Soni,7,3,1,7,7.0,,9,77.77,0,0,0,1
116,Lasith Malinga,12,2,2,7,7.0,,3,233.33,0,0,0,1
117,Sandeep Sharma,13,4,4,7,5.0,,6,116.66,0,0,0,0
118,Darren Bravo,1,1,1,6,6.0,,5,120.0,0,0,1,0
119,Iqbal Abdulla,2,1,1,5,5.0,,7,71.42,0,0,0,0
120,Adam Zampa,6,1,0,5,5.0,,7,71.42,0,0,1,0
121,Trent Boult,6,1,1,5,5.0,,8,62.5,0,0,0,0
122,Ankit Rajpoot,5,1,0,4,4.0,,7,57.14,0,0,1,0
123,Varun Aaron,6,2,1,4,4.0,,10,40.0,0,0,0,0
124,Zaheer Khan,11,3,2,4,2.0,,13,30.76,0,0,0,0
125,Bhuvneshwar Kumar,14,2,1,4,4.0,,4,100.0,0,0,0,0
126,Rahul Chahar,3,1,1,3,3.0,,2,150.0,0,0,0,0
127,Irfan Pathan,1,1,0,2,2.0,,3,66.66,0,0,0,0
128,Mohammad Nabi,3,1,0,2,2.0,,3,66.66,0,0,0,0
129,KC Cariappa,4,2,0,2,1.0,,7,28.57,0,0,0,0
130,Pradeep Sangwan,5,3,1,2,1.0,,4,50.0,0,0,0,0
131,Piyush Chawla,6,1,0,2,2.0,,6,33.33,0,0,0,0
132,Shahbaz Nadeem,7,4,1,2,2.0,,9,22.22,0,0,0,0
133,Jaydev Unadkat,12,2,2,2,2.0,,5,40.0,0,0,0,0
134,Shakib Al Hasan,1,1,1,1,1.0,,1,100.0,0,0,0,0
135,Lockie Ferguson,4,1,1,1,1.0,,1,100.0,0,0,0,0
136,Dhawal Kulkarni,6,1,0,1,1.0,,2,50.0,0,0,0,0
137,Akshdeep Nath,1,1,0,0,0.0,,1,0.0,0,0,0,0
138,Chris Jordan,1,1,0,0,0.0,,1,0.0,0,0,0,0
139,Munaf Patel,2,1,0,0,0.0,,1,0.0,0,0,0,0
140,Siddarth Kaul,10,1,1,0,0.0,,2,0.0,0,0,0,0
141,Imran Tahir,12,1,1,0,0.0,,2,0.0,0,0,0,0
142,Shardul Thakur,12,3,0,0,0.0,,3,0.0,0,0,0,0
0,Kane Williamson,17,17,3,735,84.0,,516,142.44,0,8,64,28
1,Rishabh Pant,14,14,1,684,128.0,,394,173.6,1,5,68,37
2,KL Rahul,14,14,2,659,95.0,,416,158.41,0,6,66,32
3,Ambati Rayudu,16,16,2,602,100.0,,402,149.75,1,3,53,34
4,Shane Watson,15,15,1,555,117.0,,359,154.59,2,2,44,35
5,Jos Buttler,13,13,3,548,95.0,,353,155.24,0,5,52,21
6,Virat Kohli,14,14,3,530,92.0,,381,139.1,0,4,52,18
7,Suryakumar Yadav,14,14,0,512,72.0,,384,133.33,0,4,61,16
8,Dinesh Karthik,16,16,6,498,52.0,,337,147.77,0,2,49,16
9,Shikhar Dhawan,16,16,3,497,92.0,,363,136.91,0,4,59,14
10,Chris Lynn,16,16,1,491,74.0,,377,130.23,0,3,56,18
11,AB de Villiers,12,11,2,480,90.0,,275,174.54,0,6,39,30
12,MS Dhoni,16,15,9,455,79.0,,302,150.66,0,3,24,30
13,Suresh Raina,15,15,3,445,75.0,,336,132.44,0,4,46,12
14,Sanju Samson,15,15,1,441,92.0,,320,137.81,0,3,30,19
15,Shreyas Iyer,14,14,3,411,93.0,,310,132.58,0,4,29,21
16,Evin Lewis,13,13,0,382,65.0,,276,138.4,0,2,32,24
17,Ajinkya Rahane,15,14,1,370,65.0,,313,118.21,0,1,39,5
18,Chris Gayle,11,11,2,368,104.0,,252,146.03,1,3,30,27
19,Sunil Narine,16,16,0,357,75.0,,188,189.89,0,2,40,23
20,Robin Uthappa,16,16,0,351,54.0,,265,132.45,0,1,30,21
21,Andre Russell,16,14,3,316,88.0,,171,184.79,0,1,17,31
22,Nitish Rana,15,15,2,304,59.0,,232,131.03,0,1,26,14
23,Karun Nair,13,12,0,301,54.0,,221,136.19,0,2,23,13
24,Rohit Sharma,14,14,2,286,94.0,,215,133.02,0,2,25,12
25,Manish Pandey,15,13,2,284,62.0,,246,115.44,0,3,22,5
26,Ishan Kishan,14,12,0,275,62.0,,184,149.45,0,2,22,17
27,Hardik Pandya,13,13,4,260,50.0,,195,133.33,0,1,20,11
28,Yusuf Pathan,15,13,4,260,45.0,,200,130.0,0,0,22,11
29,Mandeep Singh,14,13,3,252,47.0,,186,135.48,0,0,16,11
30,Prithvi Shaw,9,9,0,245,65.0,,160,153.12,0,2,27,10
31,Shakib Al Hasan,17,13,2,239,35.0,,197,121.31,0,0,26,5
32,Krunal Pandya,14,13,3,228,41.0,,157,145.22,0,0,22,10
33,Rahul Tripathi,12,12,3,226,80.0,,167,135.32,0,1,18,8
34,Vijay Shankar,13,11,7,212,54.0,,148,143.24,0,1,11,11
35,Shubman Gill,13,11,5,203,57.0,,139,146.04,0,1,22,5
36,Quinton de Kock,8,8,0,201,53.0,,162,124.07,0,1,20,8
37,Ben Stokes,13,13,1,196,45.0,,161,121.73,0,0,13,6
38,Glenn Maxwell,12,12,0,169,47.0,,120,140.83,0,0,14,9
39,Faf du Plessis,6,6,1,162,67.0,,129,125.58,0,1,17,6
40,Parthiv Patel,6,6,1,153,53.0,,109,140.36,0,1,20,4
41,Alex Hales,6,6,0,148,45.0,,118,125.42,0,0,13,6
42,Dwayne Bravo,16,10,6,141,68.0,,91,154.94,0,1,8,10
43,Aaron Finch,10,9,1,134,46.0,,100,134.0,0,0,6,8
44,Kieron Pollard,9,8,1,133,50.0,,100,133.0,0,1,10,7
45,Colin de Grandhomme,9,8,3,131,40.0,,84,155.95,0,0,4,10
46,Brendon McCullum,6,6,0,127,43.0,,88,144.31,0,0,16,6
47,Krishnappa Gowtham,15,13,4,126,33.0,,64,196.87,0,0,9,9
48,Wriddhiman Saha,11,10,2,122,35.0,,102,119.6,0,0,17,1
49,Jason Roy,5,5,1,120,91.0,,94,127.65,0,1,9,7
50,Mayank Agarwal,11,11,1,120,30.0,,94,127.65,0,0,9,5
51,D'Arcy Short,7,7,0,115,44.0,,99,116.16,0,0,11,5
52,Sam Billings,10,8,0,108,56.0,,78,138.46,0,1,8,5
53,Ravichandran Ashwin,14,9,1,102,45.0,,71,143.66,0,0,7,5
54,Marcus Stoinis,7,7,3,99,29.0,,76,130.26,0,0,6,4
55,Ben Cutting,9,6,2,96,37.0,,58,165.51,0,0,5,8
56,Ravindra Jadeja,16,10,5,89,27.0,,74,120.27,0,0,3,4
57,Deepak Hooda,9,8,4,87,32.0,,81,107.4,0,0,2,3
58,Gautam Gambhir,6,5,0,85,55.0,,88,96.59,0,1,8,1
59,Axar Patel,9,8,2,80,19.0,,69,115.94,0,0,3,4
60,Moeen Ali,5,4,0,77,65.0,,46,167.39,0,1,4,6
61,Carlos Brathwaite,4,4,1,75,43.0,,48,156.25,0,0,1,8
62,David Miller,3,3,1,74,26.0,,64,115.62,0,0,3,2
63,Washington Sundar,7,6,3,65,35.0,,38,171.05,0,0,5,4
64,Yuvraj Singh,8,6,0,65,20.0,,73,89.04,0,0,6,2
65,Abhishek Sharma,3,3,2,63,46.0,,33,190.9,0,0,3,5
66,Colin Munro,5,5,0,63,33.0,,41,153.65,0,0,7,4
67,Harshal Patel,5,2,1,60,36.0,,33,181.81,0,0,1,6
68,Rashid Khan,17,7,2,59,34.0,,31,190.32,0,0,3,6
69,Heinrich Klaasen,4,4,1,57,32.0,,47,121.27,0,0,5,1
70,Manan Vohra,4,4,0,55,45.0,,47,117.02,0,0,2,4
71,Shreevats Goswami,6,3,0,52,35.0,,40,130.0,0,0,6,1
72,Tim Southee,8,4,2,52,36.0,,46,113.04,0,0,5,1
73,Sarfaraz Khan,7,6,1,51,22.0,,41,124.39,0,0,7,1
74,Rahul Tewatia,8,5,2,50,24.0,,43,116.27,0,0,5,1
75,Shreyas Gopal,11,4,1,50,24.0,,45,111.11,0,0,5,0
76,Deepak Chahar,12,4,1,50,39.0,,29,172.41,0,0,1,4
77,Jaydev Unadkat,15,7,3,49,26.0,,38,128.94,0,0,6,1
78,Manoj Tiwary,5,4,1,47,35.0,,44,106.81,0,0,4,1
79,Chris Morris,4,4,3,46,27.0,,26,176.92,0,0,3,2
80,Stuart Binny,7,5,0,44,22.0,,39,112.82,0,0,2,2
81,JP Duminy,6,4,3,36,23.0,,40,90.0,0,0,3,1
82,Andrew Tye,14,8,2,32,14.0,,38,84.21,0,0,2,1
83,Rinku Singh,4,4,0,29,16.0,,31,93.54,0,0,4,0
84,Harbhajan Singh,13,3,0,29,19.0,,36,80.55,0,0,3,1
85,Piyush Chawla,15,7,3,27,12.0,,34,79.41,0,0,1,1
86,Dan Christian,4,3,1,26,13.0,,33,78.78,0,0,0,1
87,Mohammed Siraj,11,4,2,25,14.0,,22,113.63,0,0,2,1
88,Kedar Jadhav,1,1,1,24,24.0,,22,109.09,0,0,1,2
89,Tom Curran,5,4,1,23,18.0,,28,82.14,0,0,3,0
90,Mayank Markande,14,6,4,21,7.0,,24,87.5,0,0,2,0
91,Mahipal Lomror,2,2,1,20,11.0,,21,95.23,0,0,1,0
92,Mohammad Nabi,2,2,0,18,14.0,,12,150.0,0,0,3,0
93,Corey Anderson,3,3,0,17,15.0,,22,77.27,0,0,0,1
94,Chris Woakes,5,4,2,17,11.0,,19,89.47,0,0,1,1
95,Mitchell Johnson,6,2,2,16,12.0,,11,145.45,0,0,2,0
96,Jofra Archer,10,8,3,15,8.0,,21,71.42,0,0,2,0
97,Shardul Thakur,13,1,1,15,15.0,,5,300.0,0,0,3,0
98,Shivam Mavi,9,4,1,13,7.0,,15,86.66,0,0,1,0
99,Bhuvneshwar Kumar,12,4,2,13,7.0,,16,81.25,0,0,1,0
100,Murali Vijay,1,1,0,12,12.0,,10,120.0,0,0,0,1
101,Kuldeep Yadav,16,3,2,12,7.0,,24,50.0,0,0,1,0
102,Ankit Rajpoot,8,3,0,11,8.0,,18,61.11,0,0,1,0
103,Mitchell McClenaghan,11,5,3,11,11.0,,10,110.0,0,0,1,1
104,Mohit Sharma,9,4,3,10,4.0,,13,76.92,0,0,1,0
105,Mujeeb Ur Rahman,11,2,1,10,10.0,,7,142.85,0,0,2,0
106,Jasprit Bumrah,14,3,2,10,6.0,,11,90.9,0,0,1,0
107,Akshdeep Nath,1,1,0,9,9.0,,13,69.23,0,0,1,0
108,Dhruv Shorey,1,1,0,8,8.0,,9,88.88,0,0,0,1
109,Prashant Chopra,1,1,0,8,8.0,,6,133.33,0,0,2,0
110,Javon Searles,4,2,1,8,6.0,,6,133.33,0,0,0,1
111,Mohammad Shami,4,1,0,7,7.0,,6,116.66,0,0,1,0
112,Vinay Kumar,2,1,1,6,6.0,,3,200.0,0,0,1,0
113,Shahbaz Nadeem,6,1,1,6,6.0,,8,75.0,0,0,0,0
114,Dhawal Kulkarni,8,2,1,6,3.0,,7,85.71,0,0,0,0
115,Billy Stanlake,4,1,1,5,5.0,,2,250.0,0,0,1,0
116,Akila Dananjaya,1,1,1,4,4.0,,5,80.0,0,0,0,0
117,Pawan Negi,2,2,0,3,3.0,,5,60.0,0,0,0,0
118,Anureet Singh,3,1,1,3,3.0,,4,75.0,0,0,0,0
119,Basil Thampi,4,2,1,3,3.0,,6,50.0,0,0,0,0
120,Barinder Sran,6,4,3,3,2.0,,7,42.85,0,0,0,0
121,Umesh Yadav,14,5,1,3,1.0,,11,27.27,0,0,0,0
122,Siddarth Kaul,17,4,1,3,2.0,,14,21.42,0,0,0,0
123,Imran Tahir,6,1,1,2,2.0,,2,100.0,0,0,0,0
124,Mark Wood,1,1,0,1,1.0,,3,33.33,0,0,0,0
125,Naman Ojha,1,1,0,1,1.0,,4,25.0,0,0,0,0
126,Murugan Ashwin,2,1,0,1,1.0,,2,50.0,0,0,0,0
127,Ish Sodhi,6,1,0,1,1.0,,6,16.66,0,0,0,0
128,Ben Laughlin,7,2,1,1,1.0,,4,25.0,0,0,0,0
129,Liam Plunkett,7,2,1,1,1.0,,3,33.33,0,0,0,0
130,Mustafizur Rahman,7,2,1,1,1.0,,3,33.33,0,0,0,0
131,Prasidh Krishna,7,2,2,1,1.0,,5,20.0,0,0,0,0
132,Amit Mishra,10,1,1,1,1.0,,2,50.0,0,0,0,0
133,Pradeep Sangwan,1,1,0,0,0.0,,4,0.0,0,0,0,0
134,Ricky Bhui,1,1,0,0,0.0,,5,0.0,0,0,0,0
135,Sandeep Sharma,12,3,1,0,0.0,,4,0.0,0,0,0,0
136,Trent Boult,14,1,0,0,0.0,,2,0.0,0,0,0,0
137,Yuzvendra Chahal,14,1,1,0,0.0,,4,0.0,0,0,0,0
0,David Warner,12,12,2,692,100.0,,481,143.86,1,8,57,21
1,KL Rahul,14,14,3,593,100.0,,438,135.38,1,6,49,25
2,Quinton de Kock,16,16,1,529,81.0,,398,132.91,0,4,45,25
3,Shikhar Dhawan,16,16,1,521,97.0,,384,135.67,0,5,64,11
4,Andre Russell,14,13,4,510,80.0,,249,204.81,0,4,31,52
5,Chris Gayle,13,13,1,490,99.0,,319,153.6,0,4,45,34
6,Rishabh Pant,16,16,3,488,78.0,,300,162.66,0,3,37,27
7,Virat Kohli,14,14,0,464,100.0,,328,141.46,1,2,46,13
8,Shreyas Iyer,16,16,1,463,67.0,,386,119.94,0,3,41,14
9,Jonny Bairstow,10,10,2,445,114.0,,283,157.24,1,2,48,18
10,AB de Villiers,13,13,3,442,82.0,,287,154.0,0,5,31,26
11,Suryakumar Yadav,16,15,2,424,71.0,,324,130.86,0,2,45,10
12,MS Dhoni,15,12,7,416,84.0,,309,134.62,0,3,22,23
13,Chris Lynn,13,13,0,405,82.0,,290,139.65,0,4,41,22
14,Rohit Sharma,15,15,1,405,67.0,,315,128.57,0,2,52,10
15,Hardik Pandya,16,15,6,402,91.0,,210,191.42,0,1,28,29
16,Shane Watson,17,17,0,398,96.0,,312,127.56,0,3,42,20
17,Faf du Plessis,12,12,1,396,96.0,,321,123.36,0,3,36,15
18,Ajinkya Rahane,14,13,1,393,105.0,,285,137.89,1,1,45,9
19,Suresh Raina,17,17,1,383,59.0,,314,121.97,0,3,45,9
20,Parthiv Patel,14,14,0,373,67.0,,268,139.17,0,2,48,10
21,Prithvi Shaw,16,16,0,353,99.0,,264,133.71,0,2,45,9
22,Manish Pandey,12,11,3,344,83.0,,263,130.79,0,3,34,6
23,Nitish Rana,14,11,1,344,85.0,,235,146.38,0,3,27,21
24,Sanju Samson,12,12,2,342,102.0,,230,148.69,1,0,28,13
25,Mayank Agarwal,13,13,0,332,58.0,,234,141.88,0,2,26,14
26,Steve Smith,12,10,2,319,73.0,,275,116.0,0,3,30,4
27,Jos Buttler,8,8,0,311,89.0,,205,151.7,0,3,38,14
28,Shubman Gill,14,13,4,296,76.0,,238,124.36,0,3,21,10
29,Robin Uthappa,12,11,2,282,67.0,,245,115.1,0,1,28,10
30,Ambati Rayudu,17,17,5,282,57.0,,303,93.06,0,1,20,7
31,Kieron Pollard,16,14,6,279,83.0,,178,156.74,0,1,14,22
32,Dinesh Karthik,14,13,5,253,97.0,,173,146.24,0,2,22,14
33,Vijay Shankar,15,14,2,244,40.0,,193,126.42,0,0,11,12
34,Moeen Ali,11,10,2,220,66.0,,133,165.41,0,2,16,17
35,David Miller,10,10,2,213,59.0,,164,129.87,0,1,19,7
36,Marcus Stoinis,10,10,6,211,46.0,,156,135.25,0,0,14,10
37,Colin Ingram,12,12,2,184,47.0,,154,119.48,0,0,20,5
38,Krunal Pandya,16,15,4,183,42.0,,150,122.0,0,0,18,5
39,Sarfaraz Khan,8,5,1,180,67.0,,143,125.87,0,1,19,4
40,Nicholas Pooran,7,6,0,168,48.0,,107,157.0,0,0,10,14
41,Mandeep Singh,13,12,8,165,33.0,,120,137.5,0,0,10,4
42,Kedar Jadhav,14,12,3,162,58.0,,169,95.85,0,1,19,3
43,Riyan Parag,7,5,0,160,50.0,,126,126.98,0,1,17,5
44,Kane Williamson,9,9,2,156,70.0,,130,120.0,0,1,12,5
45,Sunil Narine,12,9,1,143,47.0,,86,166.27,0,0,17,9
46,Rahul Tripathi,8,7,1,141,50.0,,118,119.49,0,1,13,2
47,Ben Stokes,9,9,3,123,46.0,,99,124.24,0,0,8,4
48,Mohammad Nabi,8,7,1,115,31.0,,76,151.31,0,0,8,7
49,Axar Patel,14,12,6,110,26.0,,88,125.0,0,0,10,3
50,Ravindra Jadeja,16,9,6,106,31.0,,88,120.45,0,0,7,4
51,Ishan Kishan,7,6,0,101,28.0,,100,101.0,0,0,8,4
52,Gurkeerat Mann Singh,3,3,0,98,65.0,,70,140.0,0,1,11,2
53,Yuvraj Singh,4,4,0,98,53.0,,75,130.66,0,1,7,6
54,Sam Curran,9,8,4,95,55.0,,55,172.72,0,1,13,3
55,Shimron Hetmyer,5,5,0,90,75.0,,73,123.28,0,1,4,7
56,Wriddhiman Saha,5,5,0,86,28.0,,53,162.26,0,0,13,1
57,Colin Munro,4,4,0,84,40.0,,70,120.0,0,0,9,4
58,Martin Guptill,3,3,0,81,36.0,,53,152.83,0,0,4,7
59,Dwayne Bravo,12,9,4,80,27.0,,66,121.21,0,0,6,3
60,Sherfane Rutherford,7,7,2,73,28.0,,54,135.18,0,0,2,7
61,Liam Livingstone,4,4,1,71,44.0,,48,147.91,0,0,6,5
62,Stuart Binny,8,5,2,70,33.0,,40,175.0,0,0,5,4
63,Jofra Archer,11,5,3,67,27.0,,40,167.5,0,0,4,4
64,Murali Vijay,2,2,0,64,38.0,,61,104.91,0,0,6,1
65,Deepak Hooda,11,7,1,64,20.0,,63,101.58,0,0,5,1
66,Shreyas Gopal,14,7,3,63,19.0,,46,136.95,0,0,8,1
67,Akshdeep Nath,8,5,0,61,24.0,,57,107.01,0,0,5,2
68,Evin Lewis,3,3,0,48,32.0,,52,92.3,0,0,4,2
69,Colin de Grandhomme,4,4,1,46,37.0,,49,93.87,0,0,4,2
70,Piyush Chawla,13,5,2,42,14.0,,37,113.51,0,0,4,2
71,Ravichandran Ashwin,14,6,1,42,17.0,,28,150.0,0,0,3,3
72,Shivam Dube,4,4,1,40,24.0,,33,121.21,0,0,1,3
73,Yusuf Pathan,10,8,5,40,16.0,,45,88.88,0,0,1,1
74,Rinku Singh,5,3,1,37,30.0,,34,108.82,0,0,1,2
75,Rashid Khan,15,8,3,34,17.0,,23,147.82,0,0,2,2
76,Mitchell Santner,4,2,1,32,22.0,,23,139.13,0,0,0,3
77,Chris Morris,9,6,0,32,17.0,,37,86.48,0,0,1,2
78,Rahul Tewatia,5,4,3,26,11.0,,22,118.18,0,0,2,1
79,Umesh Yadav,11,7,5,25,14.0,,25,100.0,0,0,3,1
80,Amit Mishra,11,4,2,21,8.0,,24,87.5,0,0,2,0
81,Harpreet Brar,2,1,1,20,20.0,,12,166.66,0,0,2,1
82,Prayas Ray Barman,1,1,0,19,19.0,,24,79.16,0,0,2,0
83,Ben Cutting,3,3,1,18,13.0,,17,105.88,0,0,1,1
84,Krishnappa Gowtham,7,4,1,18,9.0,,19,94.73,0,0,1,1
85,Keemo Paul,8,6,1,18,7.0,,24,75.0,0,0,1,1
86,Prabhsimran Singh,1,1,0,16,16.0,,17,94.11,0,0,1,1
87,Siddhesh Lad,1,1,0,15,15.0,,13,115.38,0,0,1,1
88,Alzarri Joseph,3,2,2,15,15.0,,13,115.38,0,0,2,0
89,Shardul Thakur,10,3,1,14,12.0,,7,200.0,0,0,1,1
90,Kagiso Rabada,12,4,1,14,9.0,,15,93.33,0,0,0,1
91,Kuldeep Yadav,9,4,2,12,10.0,,8,150.0,0,0,1,0
92,Rahul Chahar,13,4,2,12,10.0,,11,109.09,0,0,2,0
93,Bhuvneshwar Kumar,15,5,2,12,7.0,,19,63.15,0,0,1,0
94,Carlos Brathwaite,2,2,0,11,6.0,,10,110.0,0,0,1,0
95,Mitchell McClenaghan,5,4,1,11,10.0,,16,68.75,0,0,2,0
96,Ishant Sharma,13,3,3,10,10.0,,3,333.33,0,0,1,1
97,KC Cariappa,1,1,1,9,9.0,,3,300.0,0,0,0,1
98,Abhishek Sharma,3,3,1,9,5.0,,9,100.0,0,0,1,0
99,Heinrich Klaasen,3,2,0,9,6.0,,10,90.0,0,0,0,0
100,Shakib Al Hasan,3,1,0,9,9.0,,10,90.0,0,0,0,0
101,Tim Southee,3,1,1,9,9.0,,9,100.0,0,0,0,0
102,Pawan Negi,7,4,0,9,5.0,,12,75.0,0,0,1,0
103,Mahipal Lomror,2,1,0,8,8.0,,3,266.66,0,0,2,0
104,Nikhil Naik,1,1,0,7,7.0,,16,43.75,0,0,1,0
105,Ricky Bhui,1,1,0,7,7.0,,12,58.33,0,0,0,0
106,Trent Boult,5,3,2,7,6.0,,4,175.0,0,0,0,1
107,Deepak Chahar,17,2,0,7,7.0,,9,77.77,0,0,1,0
108,Jagadeesha Suchith,1,1,0,6,6.0,,15,40.0,0,0,0,0
109,Ish Sodhi,2,1,0,6,6.0,,11,54.54,0,0,0,0
110,Mayank Markande,3,2,1,6,6.0,,5,120.0,0,0,1,0
111,Sandeep Sharma,11,2,2,6,5.0,,3,200.0,0,0,1,0
112,Yuzvendra Chahal,14,3,1,6,4.0,,16,37.5,0,0,0,0
113,Dhruv Shorey,1,1,0,5,5.0,,8,62.5,0,0,0,0
114,Karun Nair,1,1,0,5,5.0,,6,83.33,0,0,0,0
115,Rasikh Salam,1,1,1,5,5.0,,4,125.0,0,0,0,0
116,Dhawal Kulkarni,10,1,1,5,5.0,,3,166.66,0,0,1,0
117,Avesh Khan,1,1,1,4,4.0,,3,133.33,0,0,1,0
118,Hanuma Vihari,2,2,0,4,2.0,,8,50.0,0,0,0,0
119,Mohammed Siraj,9,4,3,4,3.0,,14,28.57,0,0,0,0
120,Barinder Sran,2,1,1,3,3.0,,3,100.0,0,0,0,0
121,Ashton Turner,4,4,1,3,3.0,,10,30.0,0,0,0,0
122,Varun Aaron,5,1,1,3,3.0,,7,42.85,0,0,0,0
123,Hardus Viljoen,6,3,1,3,2.0,,7,42.85,0,0,0,0
124,Murugan Ashwin,10,3,2,3,1.0,,5,60.0,0,0,0,0
125,Navdeep Saini,13,2,1,2,2.0,,4,50.0,0,0,0,0
126,Basil Thampi,3,1,1,1,1.0,,1,100.0,0,0,0,0
127,Washington Sundar,3,2,0,1,1.0,,3,33.33,0,0,0,0
128,Harry Gurney,8,1,1,1,1.0,,5,20.0,0,0,0,0
129,Harbhajan Singh,11,1,0,1,1.0,,3,33.33,0,0,0,0
130,Jaydev Unadkat,11,4,3,1,1.0,,3,33.33,0,0,0,0
131,Mohammad Shami,14,2,1,1,1.0,,2,50.0,0,0,0,0
132,Joe Denly,1,1,0,0,0.0,,1,0.0,0,0,0,0
133,Mohit Sharma,1,1,1,0,0.0,,2,0.0,0,0,0,0
134,Sam Billings,1,1,0,0,0.0,,4,0.0,0,0,0,0
135,Harshal Patel,2,2,1,0,0.0,,2,0.0,0,0,0,0
136,Prithvi Raj Yarra,2,1,1,0,0.0,,1,0.0,0,0,0,0
137,Mujeeb Ur Rahman,5,3,2,0,0.0,,4,0.0,0,0,0,0
138,Andrew Tye,6,1,1,0,0.0,,2,0.0,0,0,0,0
139,Sandeep Lamichhane,6,1,0,0,0.0,,1,0.0,0,0,0,0
140,Siddarth Kaul,7,2,1,0,0.0,,1,0.0,0,0,0,0
141,Khaleel Ahmed,9,1,0,0,0.0,,1,0.0,0,0,0,0
142,Prasidh Krishna,11,1,0,0,0.0,,2,0.0,0,0,0,0
143,Jasprit Bumrah,16,3,3,0,0.0,,1,0.0,0,0,0,0
0,KL Rahul,14,14,2,670,132.0,,518,129.34,1,5,58,23
1,Shikhar Dhawan,17,17,3,618,106.0,,427,144.73,2,4,67,12
2,David Warner,16,16,2,548,85.0,,407,134.64,0,4,52,14
3,Shreyas Iyer,17,17,2,519,88.0,,421,123.27,0,3,40,16
4,Ishan Kishan,14,13,4,516,99.0,,354,145.76,0,4,36,30
5,Quinton de Kock,16,16,2,503,78.0,,358,140.5,0,4,46,22
6,Suryakumar Yadav,16,15,3,480,79.0,,331,145.01,0,4,61,11
7,Devdutt Padikkal,15,15,0,473,74.0,,379,124.8,0,5,51,8
8,Virat Kohli,15,15,4,466,90.0,,384,121.35,0,3,23,11
9,AB de Villiers,15,14,4,454,73.0,,286,158.74,0,5,33,23
10,Faf du Plessis,13,13,2,449,87.0,,319,140.75,0,4,42,14
11,Shubman Gill,14,14,1,440,70.0,,373,117.96,0,3,44,9
12,Manish Pandey,16,15,2,425,83.0,,333,127.62,0,3,35,18
13,Mayank Agarwal,11,11,0,424,106.0,,271,156.45,1,2,44,15
14,Eoin Morgan,14,14,4,418,68.0,,302,138.41,0,1,32,24
15,Sanju Samson,14,14,1,375,85.0,,236,158.89,0,3,21,26
16,Ambati Rayudu,12,11,2,359,71.0,,282,127.3,0,1,30,12
17,Nicholas Pooran,14,14,4,353,77.0,,208,169.71,0,2,23,25
18,Nitish Rana,14,14,0,352,87.0,,254,138.58,0,3,43,12
19,Marcus Stoinis,17,17,3,352,65.0,,237,148.52,0,3,31,16
20,Jonny Bairstow,11,11,0,345,97.0,,272,126.83,0,3,31,13
21,Rishabh Pant,14,14,3,343,56.0,,301,113.95,0,1,31,9
22,Rohit Sharma,12,12,0,332,80.0,,260,127.69,0,3,27,19
23,Jos Buttler,13,12,2,328,70.0,,227,144.49,0,2,27,16
24,Kane Williamson,12,11,4,317,67.0,,237,133.75,0,3,26,10
25,Steve Smith,14,14,2,311,69.0,,237,131.22,0,3,32,9
26,Shane Watson,11,11,1,299,83.0,,247,121.05,0,2,33,13
27,Chris Gayle,7,7,0,288,99.0,,210,137.14,0,3,15,23
28,Ben Stokes,8,8,1,285,107.0,,200,142.5,1,1,36,7
29,Hardik Pandya,14,13,5,281,60.0,,157,178.98,0,1,14,25
30,Aaron Finch,12,12,0,268,52.0,,241,111.2,0,1,28,8
31,Kieron Pollard,16,12,7,268,60.0,,140,191.42,0,1,15,22
32,Rahul Tewatia,14,11,5,255,53.0,,183,139.34,0,1,13,17
33,Ravindra Jadeja,14,11,6,232,50.0,,135,171.85,0,1,22,11
34,Rahul Tripathi,11,11,1,230,81.0,,181,127.07,0,1,21,10
35,Prithvi Shaw,13,13,0,228,66.0,,167,136.52,0,2,27,8
36,Wriddhiman Saha,4,4,1,214,87.0,,153,139.86,0,2,24,5
37,Ruturaj Gaikwad,6,6,2,204,72.0,,169,120.71,0,3,16,6
38,MS Dhoni,14,12,4,200,47.0,,172,116.27,0,0,16,7
39,Robin Uthappa,12,12,0,196,41.0,,164,119.51,0,0,19,7
40,Sam Curran,14,11,3,186,52.0,,141,131.91,0,1,12,12
41,Shimron Hetmyer,12,11,3,185,45.0,,125,148.0,0,0,11,12
42,Dinesh Karthik,14,14,2,169,58.0,,134,126.11,0,1,20,4
43,Pat Cummins,14,11,4,146,53.0,,114,128.07,0,1,9,8
44,Priyam Garg,14,10,1,133,51.0,,111,119.81,0,1,9,4
45,Mandeep Singh,7,7,1,130,66.0,,109,119.26,0,1,10,4
46,Shivam Dube,11,9,2,129,27.0,,105,122.85,0,0,5,9
47,Sunil Narine,10,9,0,121,64.0,,85,142.35,0,1,10,8
48,Andre Russell,10,9,0,117,25.0,,81,144.44,0,0,9,9
49,Axar Patel,15,9,1,117,42.0,,85,137.64,0,0,6,8
50,Ajinkya Rahane,9,8,0,113,60.0,,107,105.6,0,1,12,2
51,Jofra Archer,14,10,4,113,27.0,,63,179.36,0,0,5,10
52,Abdul Samad,12,8,3,111,33.0,,65,170.76,0,0,8,6
53,Washington Sundar,15,9,3,111,30.0,,95,116.84,0,0,10,2
54,Krunal Pandya,16,12,6,109,34.0,,92,118.47,0,0,9,5
55,Glenn Maxwell,13,11,4,108,32.0,,106,101.88,0,0,9,0
56,Saurabh Tiwary,7,5,0,103,42.0,,80,128.75,0,0,8,3
57,Deepak Hooda,7,5,4,101,62.0,,71,142.25,0,1,5,5
58,Vijay Shankar,7,5,1,97,52.0,,96,101.04,0,1,10,1
59,Riyan Parag,12,8,1,86,42.0,,77,111.68,0,0,6,3
60,Tom Curran,5,4,3,83,54.0,,62,133.87,0,1,5,3
61,Josh Philippe,5,5,1,78,33.0,,77,101.29,0,0,9,1
62,Abhishek Sharma,8,7,2,71,31.0,,56,126.78,0,0,6,3
63,Gurkeerat Mann Singh,8,5,5,71,21.0,,80,88.75,0,0,8,0
64,Jason Holder,7,4,2,66,26.0,,53,124.52,0,0,5,3
65,Kedar Jadhav,8,5,2,62,26.0,,66,93.93,0,0,7,0
66,Mahipal Lomror,3,3,0,59,47.0,,54,109.25,0,0,2,3
67,Kagiso Rabada,17,8,4,56,15.0,,49,114.28,0,0,4,2
68,Lockie Ferguson,5,2,2,43,24.0,,29,148.27,0,0,4,1
69,Krishnappa Gowtham,2,2,1,42,22.0,,27,155.55,0,0,3,2
70,Yashasvi Jaiswal,3,3,0,40,34.0,,44,90.9,0,0,2,2
71,Shreyas Gopal,14,5,1,37,23.0,,39,94.87,0,0,3,0
72,Ravichandran Ashwin,15,6,3,37,14.0,,34,108.82,0,0,3,1
73,Rashid Khan,16,7,3,35,14.0,,30,116.66,0,0,3,2
74,Chris Morris,9,5,1,34,25.0,,21,161.9,0,0,2,3
75,Narayan Jagadeesan,5,2,0,33,33.0,,29,113.79,0,0,4,0
76,Sarfaraz Khan,5,3,1,33,14.0,,29,113.79,0,0,5,0
77,Alex Carey,3,3,1,32,14.0,,29,110.34,0,0,0,1
78,Murali Vijay,3,3,0,32,21.0,,43,74.41,0,0,4,0
79,Chris Jordan,9,5,2,29,13.0,,31,93.54,0,0,2,0
80,Navdeep Saini,13,3,2,27,12.0,,27,100.0,0,0,3,0
81,Nathan Coulter-Nile,7,2,1,25,24.0,,15,166.66,0,0,4,0
82,Kamlesh Nagarkoti,10,6,3,22,8.0,,31,70.96,0,0,1,0
83,Harshal Patel,5,2,0,21,16.0,,24,87.5,0,0,2,0
84,Tushar Deshpande,5,2,1,21,20.0,,12,175.0,0,0,2,1
85,Jimmy Neesham,5,3,1,19,10.0,,18,105.55,0,0,0,1
86,Tom Banton,2,2,0,18,10.0,,20,90.0,0,0,1,1
87,Mohammed Siraj,9,3,2,17,10.0,,14,121.42,0,0,2,0
88,Karun Nair,4,3,1,16,15.0,,14,114.28,0,0,2,0
89,Prabhsimran Singh,2,2,0,15,11.0,,15,100.0,0,0,2,0
90,Isuru Udana,10,4,1,15,10.0,,11,136.36,0,0,1,1
91,James Pattinson,10,2,1,15,11.0,,13,115.38,0,0,2,0
92,Imran Tahir,3,1,1,13,13.0,,10,130.0,0,0,2,0
93,Kuldeep Yadav,5,2,1,13,12.0,,21,61.9,0,0,1,0
94,Moeen Ali,3,3,0,12,11.0,,16,75.0,0,0,1,0
95,Shardul Thakur,9,2,1,12,11.0,,21,57.14,0,0,0,0
96,Sandeep Sharma,13,5,3,12,9.0,,15,80.0,0,0,1,0
97,Mohammad Nabi,1,1,1,11,11.0,,8,137.5,0,0,2,0
98,Rinku Singh,1,1,0,11,11.0,,11,100.0,0,0,1,0
99,Shivam Mavi,8,3,1,10,9.0,,14,71.42,0,0,1,0
100,Varun Chakaravarthy,13,3,1,10,7.0,,15,66.66,0,0,0,0
101,Ankit Rajpoot,6,2,1,9,7.0,,10,90.0,0,0,0,1
102,Jaydev Unadkat,7,1,0,9,9.0,,13,69.23,0,0,0,0
103,Pravin Dubey,3,1,1,7,7.0,,13,53.84,0,0,0,0
104,Dwayne Bravo,6,2,0,7,7.0,,6,116.66,0,0,0,0
105,Shahbaz Nadeem,7,2,1,7,5.0,,8,87.5,0,0,1,0
106,Deepak Chahar,14,3,2,7,5.0,,12,58.33,0,0,0,0
107,Ravi Bishnoi,14,3,2,7,6.0,,12,58.33,0,0,1,0
108,Anrich Nortje,16,5,4,7,3.0,,6,116.66,0,0,0,0
109,Andrew Tye,1,1,0,6,6.0,,6,100.0,0,0,0,1
110,Jasprit Bumrah,15,1,1,5,5.0,,3,166.66,0,0,0,0
111,Murugan Ashwin,9,1,0,4,4.0,,4,100.0,0,0,0,0
112,Kartik Tyagi,10,3,2,4,2.0,,6,66.66,0,0,0,0
113,Dhawal Kulkarni,1,1,1,3,3.0,,2,150.0,0,0,0,0
114,T Natarajan,16,3,3,3,3.0,,5,60.0,0,0,0,0
115,Prasidh Krishna,6,2,2,2,2.0,,4,50.0,0,0,0,0
116,Mohammad Shami,14,3,2,2,2.0,,3,66.66,0,0,0,0
117,Rahul Chahar,15,1,1,2,2.0,,4,50.0,0,0,0,0
118,Nikhil Naik,1,1,0,1,1.0,,3,33.33,0,0,0,0
119,Mujeeb Ur Rahman,2,1,0,1,1.0,,3,33.33,0,0,0,0
120,Shahbaz Ahmed,2,1,1,1,1.0,,1,100.0,0,0,0,0
121,Dale Steyn,3,1,1,1,1.0,,2,50.0,0,0,0,0
122,Varun Aaron,3,2,1,1,1.0,,10,10.0,0,0,0,0
123,Yuzvendra Chahal,15,2,1,1,1.0,,3,33.33,0,0,0,0
124,Mitchell Marsh,1,1,0,0,0.0,,1,0.0,0,0,0,0
125,Shreevats Goswami,2,2,0,0,0.0,,4,0.0,0,0,0,0
126,Umesh Yadav,2,1,0,0,0.0,,2,0.0,0,0,0,0
127,Daniel Sams,3,1,0,0,0.0,,2,0.0,0,0,0,0
128,Bhuvneshwar Kumar,4,1,0,0,0.0,,2,0.0,0,0,0,0
129,Sheldon Cottrell,6,1,0,0,0.0,,2,0.0,0,0,0,0
130,Khaleel Ahmed,7,1,0,0,0.0,,2,0.0,0,0,0,0
131,Arshdeep Singh,8,1,0,0,0.0,,3,0.0,0,0,0,0
132,Trent Boult,15,1,0,0,0.0,,1,0.0,0,0,0,0
0,Ruturaj Gaikwad,16,16,2,635,101.0,,466,136.26,1,4,64,23
1,Faf du Plessis,16,16,2,633,95.0,,458,138.2,0,6,60,23
2,KL Rahul,13,13,3,626,98.0,,451,138.8,0,6,48,30
3,Shikhar Dhawan,16,16,1,587,92.0,,471,124.62,0,3,63,16
4,Glenn Maxwell,15,14,2,513,78.0,,356,144.1,0,6,48,21
5,Sanju Samson,14,14,2,484,119.0,,354,136.72,1,2,45,17
6,Prithvi Shaw,15,15,0,479,82.0,,301,159.13,0,4,56,18
7,Shubman Gill,17,17,0,478,57.0,,402,118.9,0,3,50,12
8,Mayank Agarwal,12,12,1,441,99.0,,314,140.44,0,4,42,18
9,Rishabh Pant,16,16,4,419,58.0,,326,128.52,0,3,42,10
10,Devdutt Padikkal,14,14,1,411,101.0,,328,125.3,1,1,44,14
11,Virat Kohli,15,15,1,405,72.0,,339,119.46,0,3,43,9
12,Rahul Tripathi,17,16,2,397,74.0,,283,140.28,0,2,41,11
13,Nitish Rana,17,16,3,383,80.0,,314,121.97,0,2,34,17
14,Rohit Sharma,13,13,0,381,63.0,,299,127.42,0,1,33,14
15,Venkatesh Iyer,10,10,1,370,67.0,,288,128.47,0,4,37,14
16,Moeen Ali,15,15,1,357,58.0,,260,137.3,0,1,31,19
17,Suryakumar Yadav,14,14,0,317,82.0,,221,143.43,0,2,40,10
18,AB de Villiers,15,14,4,313,76.0,,211,148.34,0,2,23,16
19,Quinton de Kock,11,11,1,297,70.0,,256,116.01,0,2,29,7
20,Manish Pandey,8,8,2,292,69.0,,236,123.72,0,3,21,10
21,Kane Williamson,10,10,4,266,66.0,,235,113.19,0,2,29,2
22,Ambati Rayudu,16,13,4,257,72.0,,170,151.17,0,2,16,17
23,Jos Buttler,7,7,0,254,124.0,,166,153.01,1,0,27,13
24,Yashasvi Jaiswal,10,10,0,249,50.0,,168,148.21,0,1,32,10
25,Jonny Bairstow,7,7,1,248,63.0,,175,141.71,0,2,20,15
26,Kieron Pollard,14,13,5,245,87.0,,165,148.48,0,1,16,16
27,Shimron Hetmyer,14,13,6,242,53.0,,144,168.05,0,1,19,12
28,Ishan Kishan,10,10,1,241,84.0,,180,133.88,0,2,21,10
29,Shivam Dube,9,9,1,230,64.0,,193,119.17,0,1,18,10
30,Ravindra Jadeja,16,12,9,227,62.0,,156,145.51,0,1,19,9
31,Dinesh Karthik,17,15,5,223,40.0,,170,131.17,0,0,22,7
32,David Warner,8,8,0,195,57.0,,181,107.73,0,2,15,6
33,Chris Gayle,10,10,1,193,46.0,,154,125.32,0,0,21,8
34,K.S Bharat,8,7,2,191,78.0,,156,122.43,0,1,10,8
35,Andre Russell,10,9,2,183,54.0,,120,152.5,0,1,14,14
36,Shreyas Iyer,8,8,3,175,47.0,,171,102.33,0,0,7,5
37,Deepak Hooda,12,11,1,160,64.0,,123,130.08,0,1,9,9
38,Suresh Raina,12,11,2,160,54.0,,128,125.0,0,1,13,9
39,Rahul Tewatia,14,11,1,155,44.0,,147,105.44,0,0,11,6
40,Shahrukh Khan,11,10,3,153,47.0,,114,134.21,0,0,9,10
41,Steve Smith,8,7,1,152,39.0,,135,112.59,0,0,13,2
42,Evin Lewis,5,5,0,151,58.0,,93,162.36,0,1,18,7
43,Jason Roy,5,5,0,150,60.0,,121,123.96,0,1,21,1
44,Aiden Markram,6,6,1,146,42.0,,119,122.68,0,0,12,4
45,Krunal Pandya,13,12,2,143,39.0,,123,116.26,0,0,10,6
46,Eoin Morgan,17,16,4,133,47.0,,139,95.68,0,0,8,6
47,Wriddhiman Saha,9,9,0,131,44.0,,140,93.57,0,0,7,5
48,Hardik Pandya,12,11,2,127,40.0,,112,113.39,0,0,11,5
49,David Miller,9,8,3,124,62.0,,113,109.73,0,1,11,3
50,Robin Uthappa,4,4,0,115,63.0,,84,136.9,0,1,8,5
51,Saurabh Tiwary,5,4,2,115,50.0,,97,118.55,0,1,10,2
52,MS Dhoni,16,11,4,114,18.0,,107,106.54,0,0,12,3
53,Abdul Samad,11,10,1,111,28.0,,87,127.58,0,0,4,8
54,Abhishek Sharma,8,7,1,98,33.0,,75,130.66,0,0,7,4
55,Mahipal Lomror,4,4,1,94,43.0,,73,128.76,0,0,3,6
56,Pat Cummins,7,5,2,93,66.0,,56,166.07,0,1,5,8
57,Riyan Parag,11,10,2,93,25.0,,83,112.04,0,0,6,4
58,Marcus Stoinis,10,7,3,89,27.0,,72,123.61,0,0,11,1
59,Jason Holder,8,7,1,85,47.0,,72,118.05,0,0,2,6
60,Nicholas Pooran,12,11,0,85,32.0,,76,111.84,0,0,3,5
61,Rashid Khan,14,10,2,83,22.0,,69,120.28,0,0,9,2
62,Priyam Garg,5,5,0,72,29.0,,74,97.29,0,0,2,3
63,Rajat Patidar,4,4,0,71,31.0,,62,114.51,0,0,3,3
64,Lalit Yadav,7,5,3,68,22.0,,73,93.15,0,0,7,0
65,Chris Morris,11,7,2,67,36.0,,49,136.73,0,0,2,5
66,Kyle Jamieson,9,7,3,65,16.0,,55,118.18,0,0,5,3
67,Harpreet Brar,7,5,5,64,25.0,,58,110.34,0,0,3,2
68,Sunil Narine,14,10,2,62,26.0,,47,131.91,0,0,3,5
69,Shahbaz Ahmed,11,7,0,59,14.0,,53,111.32,0,0,4,2
70,Harshal Patel,15,8,4,59,31.0,,46,128.26,0,0,6,2
71,Vijay Shankar,7,5,0,58,28.0,,52,111.53,0,0,1,3
72,Sam Curran,9,4,1,56,34.0,,29,193.1,0,0,5,3
73,Kedar Jadhav,6,5,1,55,19.0,,52,105.76,0,0,2,2
74,Chris Lynn,1,1,0,49,49.0,,35,140.0,0,0,4,3
75,Shakib Al Hasan,8,6,1,47,26.0,,48,97.91,0,0,3,1
76,Dwayne Bravo,11,3,2,47,23.0,,18,261.11,0,0,3,4
77,Ravichandran Ashwin,13,5,2,44,20.0,,42,104.76,0,0,2,1
78,Manan Vohra,4,4,0,42,14.0,,39,107.69,0,0,5,2
79,Liam Livingstone,5,5,0,42,25.0,,41,102.43,0,0,3,1
80,Jaydev Unadkat,6,3,1,41,24.0,,29,141.37,0,0,3,2
81,Axar Patel,12,6,1,40,12.0,,46,86.95,0,0,2,1
82,Mohammad Nabi,3,3,0,34,17.0,,20,170.0,0,0,3,2
83,Jayant Yadav,5,3,1,34,23.0,,26,130.76,0,0,2,1
84,Bhuvneshwar Kumar,11,7,6,34,14.0,,30,113.33,0,0,3,0
85,Chris Jordan,4,2,0,32,30.0,,21,152.38,0,0,1,3
86,Moises Henriques,5,4,2,31,14.0,,32,96.87,0,0,0,1
87,Washington Sundar,6,4,0,31,10.0,,47,65.95,0,0,2,0
88,Dawid Malan,1,1,0,26,26.0,,26,100.0,0,0,1,1
89,Glenn Phillips,3,3,1,26,14.0,,33,78.78,0,0,1,2
90,Ripal Patel,2,2,1,25,18.0,,27,92.59,0,0,3,0
91,Shivam Mavi,9,2,0,25,20.0,,20,125.0,0,0,2,2
92,Tom Curran,3,2,1,21,21.0,,17,123.52,0,0,2,0
93,Mohammed Siraj,15,4,3,20,12.0,,26,76.92,0,0,1,1
94,Prabhsimran Singh,2,2,0,19,12.0,,23,82.6,0,0,1,1
95,Nathan Ellis,3,2,1,18,12.0,,16,112.5,0,0,0,1
96,Lockie Ferguson,8,3,3,18,18.0,,11,163.63,0,0,1,1
97,Anmolpreet Singh,1,1,0,16,16.0,,14,114.28,0,0,2,1
98,Adam Milne,4,3,1,16,15.0,,17,94.11,0,0,0,1
99,Chetan Sakariya,14,6,1,16,7.0,,25,64.0,0,0,2,0
100,Jasprit Bumrah,14,7,5,16,5.0,,17,94.11,0,0,2,0
101,Mandeep Singh,1,1,0,15,15.0,,14,107.14,0,0,2,0
102,Chris Woakes,3,1,1,15,15.0,,11,136.36,0,0,2,0
103,Jhye Richardson,3,2,0,15,15.0,,24,62.5,0,0,2,0
104,Murugan Ashwin,3,2,0,15,9.0,,24,62.5,0,0,1,0
105,Virat Singh,3,2,0,15,11.0,,26,57.69,0,0,1,0
106,Jagadeesha Suchith,2,1,1,14,14.0,,6,233.33,0,0,2,1
107,Dan Christian,9,7,1,14,9.0,,24,58.33,0,0,1,0
108,Rahul Chahar,11,5,0,14,8.0,,15,93.33,0,0,1,0
109,Mohammad Shami,14,4,3,13,9.0,,17,76.47,0,0,0,0
110,Kagiso Rabada,15,3,2,13,9.0,,6,216.66,0,0,2,0
111,Yuzvendra Chahal,15,2,2,10,8.0,,27,37.03,0,0,0,0
112,Ajinkya Rahane,2,1,0,8,8.0,,8,100.0,0,0,1,0
113,Sandeep Sharma,7,2,1,8,8.0,,7,114.28,0,0,1,0
114,Siddarth Kaul,8,2,2,8,7.0,,8,100.0,0,0,1,0
115,Mustafizur Rahman,14,5,5,8,8.0,,14,57.14,0,0,0,1
116,Sachin Baby,1,1,0,7,7.0,,17,41.17,0,0,0,0
117,Shreyas Gopal,3,2,1,7,7.0,,5,140.0,0,0,0,1
118,Daniel Sams,2,2,1,6,3.0,,6,100.0,0,0,0,0
119,Fabian Allen,4,3,2,6,6.0,,12,50.0,0,0,0,0
120,Avesh Khan,16,1,1,5,5.0,,3,166.66,0,0,1,0
121,Shardul Thakur,16,4,2,5,3.0,,5,100.0,0,0,0,0
122,Harbhajan Singh,3,2,2,4,2.0,,4,100.0,0,0,0,0
123,Nathan Coulter-Nile,5,2,0,4,3.0,,5,80.0,0,0,0,0
124,Tim Southee,3,1,0,3,3.0,,5,60.0,0,0,0,0
125,Tabraiz Shamsi,1,1,1,2,2.0,,4,50.0,0,0,0,0
126,Tim Seifert,1,1,0,2,2.0,,4,50.0,0,0,0,0
127,Navdeep Saini,2,1,0,2,2.0,,4,50.0,0,0,0,0
128,Kartik Tyagi,4,2,1,2,1.0,,4,50.0,0,0,0,0
129,George Garton,5,3,2,2,2.0,,4,50.0,0,0,0,0
130,Arshdeep Singh,12,2,2,2,1.0,,3,66.66,0,0,0,0
131,Varun Chakaravarthy,17,3,2,2,2.0,,4,50.0,0,0,0,0
132,Mujeeb Ur Rahman,1,1,1,1,1.0,,1,100.0,0,0,0,0
133,Tim David,1,1,0,1,1.0,,3,33.33,0,0,0,0
134,Wanindu Hasaranga,2,2,1,1,1.0,,2,50.0,0,0,0,0
135,Khaleel Ahmed,7,1,0,1,1.0,,2,50.0,0,0,0,0
136,Ravi Bishnoi,9,1,0,1,1.0,,4,25.0,0,0,0,0
137,Trent Boult,14,4,4,1,1.0,,4,25.0,0,0,0,0
138,Deepak Chahar,15,2,2,1,1.0,,1,100.0,0,0,0,0
139,Ben Stokes,1,1,0,0,0.0,,3,0.0,0,0,0,0
140,Kamlesh Nagarkoti,1,1,0,0,0.0,,2,0.0,0,0,0,0
141,Kuldip Yadav,1,1,1,0,0.0,,4,0.0,0,0,0,0
142,Piyush Chawla,1,1,0,0,0.0,,2,0.0,0,0,0,0
143,Shahbaz Nadeem,1,1,0,0,0.0,,1,0.0,0,0,0,0
144,Anuj Rawat,2,1,0,0,0.0,,1,0.0,0,0,0,0
145,Marco Jansen,2,2,0,0,0.0,,3,0.0,0,0,0,0
146,Sarfaraz Khan,2,2,0,0,0.0,,4,0.0,0,0,0,0
147,Jimmy Neesham,3,2,0,0,0.0,,2,0.0,0,0,0,0
148,Prasidh Krishna,10,2,1,0,0.0,,1,0.0,0,0,0,0
0,Jos Buttler,17,17,2,863,116.0,57.53,579,149.05,4,4,83,45
1,K L Rahul,15,15,3,616,103.0,51.33,455,135.38,2,4,45,30
2,Quinton De Kock,15,15,1,508,140.0,36.29,341,148.97,1,3,47,23
3,Hardik Pandya,15,15,4,487,87.0,44.27,371,131.26,0,4,49,12
4,Shubman Gill,16,16,2,483,96.0,34.5,365,132.32,0,4,51,11
5,David Miller,16,16,9,481,94.0,68.71,337,142.72,0,2,32,23
6,Faf Du Plessis,16,16,1,468,96.0,31.2,367,127.52,0,3,49,13
7,Shikhar Dhawan,14,14,2,460,88.0,38.33,375,122.66,0,3,47,12
8,Sanju Samson,17,17,1,458,55.0,28.63,312,146.79,0,2,43,26
9,Deepak Hooda,15,14,0,451,59.0,32.21,330,136.66,0,4,36,18
10,Liam Livingstone,14,14,2,437,70.0,36.42,240,182.08,0,4,29,34
11,David Warner,12,12,3,432,92.0,48.0,287,150.52,0,5,52,15
12,Abhishek Sharma,14,14,0,426,75.0,30.43,320,133.12,0,2,47,13
13,Ishan Kishan,14,14,1,418,81.0,32.15,348,120.11,0,3,45,11
14,Rahul Tripathi,14,14,3,413,76.0,37.55,261,158.23,0,3,40,20
15,Shreyas Iyer,14,14,1,401,85.0,30.85,298,134.56,0,3,41,11
16,Tilak Varma,14,14,3,397,61.0,36.09,303,131.02,0,2,29,16
17,Aiden Markram,14,12,4,381,68.0,47.63,274,139.05,0,3,25,19
18,Devdutt Padikkal,17,17,0,376,54.0,22.12,306,122.87,0,1,40,14
19,Ruturaj Gaikwad,14,14,0,368,99.0,26.29,291,126.46,0,3,33,14
20,Nitish Rana,14,14,1,361,57.0,27.77,251,143.82,0,2,29,22
21,Virat Kohli,16,16,1,341,73.0,22.73,294,115.98,0,2,32,8
22,Rishabh Pant,14,13,2,340,44.0,30.91,224,151.78,0,0,35,16
23,Andre Russell,14,12,3,335,70.0,37.22,192,174.47,0,1,18,32
24,Rajat Patidar,8,7,1,333,112.0,55.5,218,152.75,1,2,27,18
25,Dinesh Karthik,16,16,10,330,66.0,55.0,180,183.33,0,1,27,22
26,Wriddhiman Saha,11,11,1,317,68.0,31.7,259,122.39,0,3,40,7
27,Shimron Hetmyer,15,15,8,314,59.0,44.86,204,153.92,0,1,21,21
28,Nicholas Pooran,14,13,5,306,64.0,38.25,212,144.33,0,2,16,21
29,Suryakumar Yadav,8,8,1,303,68.0,43.29,208,145.67,0,3,23,16
30,Glenn Maxwell,13,13,2,301,55.0,27.36,178,169.1,0,1,31,15
31,Shivam Dube,11,11,1,289,95.0,28.9,185,156.21,0,2,22,16
32,Prithvi Shaw,10,10,0,283,61.0,28.3,185,152.97,0,2,37,10
33,Ambati Rayudu,13,11,0,274,78.0,24.91,224,122.32,0,1,25,15
34,Rohit Sharma,14,14,0,268,48.0,19.14,223,120.17,0,0,28,13
35,Yashasvi Jaiswal,10,10,0,258,68.0,25.8,194,132.98,0,2,28,10
36,Jonny Bairstow,11,11,0,253,66.0,23.0,175,144.57,0,2,34,9
37,Devon Conway,7,7,1,252,87.0,42.0,173,145.66,0,3,22,12
38,Mitchell Marsh,8,8,0,251,89.0,31.38,189,132.8,0,2,19,14
39,Rovman Powell,14,12,2,250,67.0,25.0,167,149.7,0,1,10,22
40,Moeen Ali,10,10,0,244,93.0,24.4,177,137.85,0,1,24,11
41,Jitesh Sharma,12,10,2,234,44.0,29.25,143,163.63,0,0,22,12
42,MS Dhoni,14,13,6,232,50.0,33.14,188,123.4,0,1,21,10
43,Robin Uthappa,12,11,0,230,88.0,20.91,171,134.5,0,2,19,14
44,Shahbaz Ahmed,16,11,3,219,45.0,27.38,181,120.99,0,0,14,9
45,Rahul Tewatia,16,12,5,217,43.0,31.0,147,147.61,0,0,22,9
46,Kane Williamson,13,13,2,216,57.0,19.64,231,93.5,0,1,16,8
47,Bhanuka Rajapaksa,9,9,0,206,43.0,22.89,129,159.68,0,0,16,13
48,Mayank Agarwal,13,12,0,196,52.0,16.33,160,122.5,0,1,23,6
49,Ravichandran Ashwin,17,12,5,191,50.0,27.29,135,141.48,0,1,14,9
50,Tim David,8,8,3,186,46.0,37.2,86,216.27,0,0,12,16
51,Riyan Parag,17,14,3,183,56.0,16.64,132,138.63,0,1,11,10
52,Krunal Pandya,14,13,4,183,42.0,20.33,145,126.2,0,0,16,4
53,Axar Patel,13,10,6,182,42.0,45.5,120,151.66,0,0,12,10
54,Venkatesh Iyer,12,12,1,182,50.0,16.55,169,107.69,0,1,17,7
55,Rinku Singh,7,7,2,174,42.0,34.8,117,148.71,0,0,17,7
56,Sam Billings,8,8,1,169,36.0,24.14,138,122.46,0,0,9,10
57,Dewald Brevis,7,7,0,161,49.0,23.0,113,142.47,0,0,14,11
58,Ayush Badoni,13,11,3,161,54.0,20.13,130,123.84,0,1,11,7
59,Lalit Yadav,12,8,1,161,48.0,23.0,146,110.27,0,0,11,7
60,Matthew Wade,10,10,0,157,35.0,15.7,138,113.76,0,0,23,2
61,Marcus Stoinis,11,10,2,156,38.0,19.5,106,147.16,0,0,7,13
62,Sai Sudharsan,5,5,1,145,65.0,36.25,114,127.19,0,1,14,3
63,Kieron Pollard,11,11,1,144,25.0,14.4,134,107.46,0,0,6,9
64,Ajinkya Rahane,7,7,0,133,44.0,19.0,128,103.9,0,0,14,4
65,Anuj Rawat,8,8,0,129,66.0,16.13,118,109.32,0,1,10,7
66,Shardul Thakur,14,10,2,120,29.0,15.0,87,137.93,0,0,7,7
67,Shahrukh Khan,8,8,1,117,26.0,16.71,108,108.33,0,0,4,9
68,Ravindra Jadeja,10,10,4,116,26.0,19.33,98,118.36,0,0,6,5
69,Abhinav Manohar,8,7,1,108,43.0,18.0,75,144.0,0,0,14,3
70,Washington Sundar,9,7,0,101,40.0,14.43,69,146.37,0,0,9,3
71,Rashid Khan,16,8,4,91,40.0,22.75,44,206.81,0,0,3,9
72,Sarfaraz Khan,6,5,2,91,36.0,30.33,67,135.82,0,0,9,2
73,Manish Pandey,6,6,0,88,38.0,14.67,80,110.0,0,0,9,2
74,Mahipal Lomror,7,5,0,86,42.0,17.2,57,150.87,0,0,7,4
75,Aaron Finch,5,5,0,86,58.0,17.2,61,140.98,0,1,10,3
76,Rahul Chahar,13,8,2,77,25.0,12.83,68,113.23,0,0,7,4
77,Evin Lewis,6,5,2,73,55.0,24.33,56,130.35,0,1,8,3
78,Sunil Narine,14,10,2,71,22.0,8.88,40,177.5,0,0,6,6
79,Shashank Singh,10,5,1,69,25.0,17.25,47,146.8,0,0,5,4
80,Suyash S Prabhudessai,5,5,0,67,34.0,13.4,59,113.55,0,0,7,2
81,Pat Cummins,5,5,1,63,56.0,15.75,24,262.5,0,1,5,6
82,Jaydev Unadkat,5,5,2,59,19.0,19.67,37,159.45,0,0,4,3
83,Romario Shepherd,3,3,1,58,26.0,29.0,41,141.46,0,0,2,5
84,Jason Holder,12,8,2,58,16.0,9.67,44,131.81,0,0,2,6
85,Umesh Yadav,12,7,3,55,21.0,13.75,40,137.5,0,0,4,4
86,Odean Smith,6,6,3,51,25.0,17.0,44,115.9,0,0,1,5
87,Kagiso Rabada,13,8,3,48,25.0,9.6,43,111.62,0,0,5,2
88,Kuldeep Yadav,14,7,6,48,16.0,48.0,52,92.3,0,0,3,2
89,Priyam Garg,2,2,0,46,42.0,23.0,33,139.39,0,0,4,2
90,Ramandeep Singh,5,4,2,45,14.0,22.5,40,112.5,0,0,3,1
91,Dwaine Pretorius,6,5,1,44,22.0,11.0,28,157.14,0,0,3,3
92,Dushmantha Chameera,12,8,4,43,17.0,10.75,28,153.57,0,0,3,3
93,Harshal Patel,15,8,3,43,11.0,8.6,39,110.25,0,0,4,2
94,Hrithik Shokeen,5,3,1,43,25.0,21.5,48,89.58,0,0,5,0
95,Trent Boult,16,8,6,40,17.0,20.0,29,137.93,0,0,2,1
96,Jagadeesan Narayan,2,2,1,40,39.0,40.0,37,108.1,0,0,3,1
97,Daniel Sams,11,10,3,38,15.0,5.43,36,105.55,0,0,1,3
98,Wanindu Hasaranga,16,7,0,38,18.0,5.43,43,88.37,0,0,4,1
99,Rishi Dhawan,6,4,2,37,21.0,18.5,40,92.5,0,0,4,2
100,Daryl Mitchell,2,2,0,33,17.0,16.5,44,75.0,0,0,1,0
101,Sherfane Rutherford,3,2,0,33,28.0,16.5,50,66.0,0,0,1,1
102,James Neesham,2,2,0,31,17.0,15.5,27,114.81,0,0,3,0
103,Mohammed Siraj,15,5,3,30,14.0,15.0,33,90.9,0,0,5,0
104,Tim Seifert,2,2,0,24,21.0,12.0,19,126.31,0,0,4,0
105,Bhuvneshwar Kumar,14,6,3,24,8.0,8.0,26,92.3,0,0,3,0
106,Mohsin Khan,9,3,2,23,13.0,23.0,16,143.75,0,0,2,1
107,Dwayne Bravo,10,6,4,23,12.0,11.5,24,95.83,0,0,1,1
108,Sheldon Jackson,5,5,1,23,8.0,5.75,26,88.46,0,0,0,1
109,Avesh Khan,13,4,3,22,12.0,22.0,13,169.23,0,0,0,3
110,Rassie van der Dussen,3,3,1,22,12.0,11.0,24,91.66,0,0,2,0
111,Harpreet Brar,5,3,0,22,14.0,7.33,25,88.0,0,0,1,2
112,Mitchell Santner,6,4,2,22,11.0,11.0,27,81.48,0,0,3,0
113,Arshdeep Singh,14,6,3,21,10.0,7.0,29,72.41,0,0,3,0
114,B Indrajith,3,3,0,21,15.0,7.0,30,70.0,0,0,2,0
115,Manan Vohra,2,1,0,19,19.0,19.0,11,172.72,0,0,1,2
116,Vijay Shankar,4,4,0,19,13.0,4.75,35,54.28,0,0,1,0
117,Mandeep Singh,3,3,0,18,18.0,6.0,23,78.26,0,0,4,0
118,Josh Hazlewood,12,5,5,18,7.0,0.0,26,69.23,0,0,1,0
119,David Willey,4,2,0,18,18.0,9.0,30,60.0,0,0,3,0
120,Karun Nair,3,2,0,16,13.0,8.0,18,88.88,0,0,1,0
121,Simran Singh,1,1,0,14,14.0,14.0,11,127.27,0,0,2,0
122,Anmolpreet Singh,2,2,0,13,8.0,6.5,13,100.0,0,0,1,0
123,Murugan Ashwin,8,5,2,12,6.0,4.0,14,85.71,0,0,1,1
124,Varun Chakaravarthy,11,4,4,12,10.0,0.0,18,66.66,0,0,2,0
125,Chris Jordan,4,2,1,11,6.0,11.0,8,137.5,0,0,0,0
126,Rajangad Bawa,2,2,0,11,11.0,5.5,14,78.57,0,0,1,0
127,Shreyas Gopal,1,1,1,9,9.0,0.0,7,128.57,0,0,2,0
128,Marco Jansen,8,3,2,9,8.0,9.0,7,128.57,0,0,0,1
129,Obed McCoy,7,1,0,8,8.0,8.0,5,160.0,0,0,0,1
130,Srikar Bharat,2,2,0,8,8.0,4.0,7,114.28,0,0,2,0
131,Fabian Allen,1,1,0,8,8.0,8.0,7,114.28,0,0,1,0
132,Sean Abbott,1,1,0,7,7.0,7.0,5,140.0,0,0,0,1
133,Rasikh Salam,2,1,0,7,7.0,7.0,6,116.66,0,0,1,0
134,Kartik Tyagi,2,2,0,7,7.0,3.5,6,116.66,0,0,1,0
135,Maheesh Theekshana,9,2,1,7,7.0,7.0,7,100.0,0,0,0,1
136,Simarjeet Singh,6,3,2,7,3.0,7.0,8,87.5,0,0,0,0
137,Ripal Patel,2,1,0,6,6.0,6.0,3,200.0,0,0,0,1
138,Mukesh Choudhary,13,2,1,6,4.0,6.0,6,100.0,0,0,1,0
139,Prasidh Krishna,17,3,2,6,4.0,6.0,12,50.0,0,0,0,0
140,Aman Khan,1,1,0,5,5.0,5.0,3,166.66,0,0,1,0
141,Lockie Ferguson,13,3,1,5,5.0,2.5,4,125.0,0,0,1,0
142,Alzarri Joseph,9,3,2,5,4.0,5.0,7,71.42,0,0,0,0
143,Yuzvendra Chahal,17,2,1,5,5.0,5.0,8,62.5,0,0,0,0
144,Vaibhav Arora,5,4,2,5,2.0,2.5,13,38.46,0,0,0,0
145,Prerak Mankad,1,1,1,4,4.0,0.0,1,400.0,0,0,1,0
146,Karan Sharma,1,1,0,4,4.0,4.0,4,100.0,0,0,1,0
147,Abdul Samad,2,2,0,4,4.0,2.0,7,57.14,0,0,0,0
148,Abhijeet Tomar,1,1,0,4,4.0,4.0,8,50.0,0,0,1,0
149,Umran Malik,14,4,3,4,3.0,4.0,8,50.0,0,0,0,0
150,Mustafizur Rahman,8,1,1,3,3.0,0.0,5,60.0,0,0,0,0
151,Kumar Kartikeya Singh,4,1,0,3,3.0,3.0,5,60.0,0,0,0,0
152,Shivam Mavi,6,3,1,3,2.0,1.5,7,42.85,0,0,0,0
153,Harshit Rana,2,2,1,2,2.0,2.0,2,100.0,0,0,0,0
154,Navdeep Saini,2,1,0,2,2.0,2.0,2,100.0,0,0,0,0
155,Tristan Stubbs,2,2,0,2,2.0,1.0,4,50.0,0,0,0,0
156,Pradeep Sangwan,3,1,0,2,2.0,2.0,5,40.0,0,0,0,0
157,Fazalhaq Farooqi,3,1,1,2,2.0,0.0,8,25.0,0,0,0,0
158,Jagadeesha Suchith,5,2,0,2,2.0,1.0,8,25.0,0,0,0,0
159,Tim Southee,9,5,1,2,1.0,0.5,12,16.66,0,0,0,0
160,Nathan Coulter-Nile,1,1,1,1,1.0,0.0,2,50.0,0,0,0,0
161,Anrich Nortje,6,1,1,1,1.0,0.0,6,16.66,0,0,0,0
