,Player,Mat_2016,Inns_2016,Ov_2016,Runs_2016,Wkts_2016,Avg_2016,Econ_2016,SR_2016,4w_2016,5w_2016,Mat_2017,Inns_2017,Ov_2017,Runs_2017,Wkts_2017,Avg_2017,Econ_2017,SR_2017,4w_2017,5w_2017,Mat_2018,Inns_2018,Ov_2018,Runs_2018,Wkts_2018,Avg_2018,Econ_2018,SR_2018,4w_2018,5w_2018,Mat_2019,Inns_2019,Ov_2019,Runs_2019,Wkts_2019,Avg_2019,Econ_2019,SR_2019,4w_2019,5w_2019,Mat_2020,Inns_2020,Ov_2020,Runs_2020,Wkts_2020,Avg_2020,Econ_2020,SR_2020,4w_2020,5w_2020,Mat_2021,Inns_2021,Ov_2021,Runs_2021,Wkts_2021,Avg_2021,Econ_2021,SR_2021,4w_2021,5w_2021,Mat_2022,Inns_2022,Ov_2022,Runs_2022,Wkts_2022,Avg_2022,Econ_2022,SR_2022,4w_2022,5w_2022
0,Bhuvneshwar Kumar,17.0,17.0,66.0,490.0,23.0,21.3,7.42,17.21,1.0,0.0,14.0,14.0,52.0,369.0,26.0,14.19,7.05,12.07,0.0,1.0,12.0,12.0,46.0,354.0,9.0,39.33,7.66,30.77,0.0,0.0,15.0,15.0,59.0,461.0,13.0,35.46,7.81,27.23,0.0,0.0,4.0,4.0,14.0,99.0,3.0,33.0,6.98,28.33,0.0,0.0,11.0,11.0,42.0,335.0,6.0,55.83,7.97,42.0,0.0,0.0,14.0,14.0,52.1,383.0,12.0,31.91,7.34,26.08,0.0,0.0
1,Yuzvendra Chahal,13.0,13.0,49.0,401.0,21.0,19.09,8.15,14.04,1.0,0.0,13.0,13.0,43.0,333.0,14.0,23.78,7.65,18.64,0.0,0.0,14.0,14.0,50.0,363.0,12.0,30.25,7.26,25.0,0.0,0.0,14.0,14.0,49.0,386.0,18.0,21.44,7.82,16.44,1.0,0.0,15.0,15.0,57.0,405.0,21.0,19.28,7.08,16.33,0.0,0.0,15.0,15.0,53.0,374.0,18.0,20.77,7.05,17.66,0.0,0.0,17.0,17.0,68.0,527.0,27.0,19.51,7.75,15.11,1.0,1.0
2,Shane Watson,16.0,16.0,56.0,485.0,20.0,24.25,8.58,16.95,1.0,0.0,8.0,8.0,27.0,245.0,5.0,49.0,9.13,32.2,0.0,0.0,15.0,11.0,28.0,251.0,6.0,41.83,8.96,28.0,0.0,0.0,,,,,,,,,,,,,,,,,,,,,,,,,,,,,,,,,,,,,,,,
3,Dhawal Kulkarni,14.0,14.0,49.0,364.0,18.0,20.22,7.42,16.33,1.0,0.0,6.0,6.0,19.0,173.0,3.0,57.66,9.18,37.66,0.0,0.0,8.0,8.0,20.0,188.0,4.0,47.0,9.47,29.75,0.0,0.0,10.0,10.0,35.0,335.0,6.0,55.83,9.57,35.0,0.0,0.0,,,,,,,,,,,,,,,,,,,,,,,,,,,,,,
4,Mitchell McClenaghan,14.0,14.0,53.0,436.0,17.0,25.64,8.17,18.82,1.0,0.0,14.0,14.0,54.0,507.0,19.0,26.68,9.38,17.05,0.0,0.0,11.0,11.0,40.0,332.0,14.0,23.71,8.3,17.14,0.0,0.0,5.0,5.0,18.0,142.0,3.0,47.33,7.88,36.0,0.0,0.0,,,,,,,,,,,,,,,,,,,,,,,,,,,,,,
5,Dwayne Bravo,15.0,15.0,56.0,494.0,17.0,29.05,8.82,19.76,1.0,0.0,,,,,,,,,,,16.0,16.0,53.0,533.0,14.0,38.07,9.96,22.92,0.0,0.0,12.0,12.0,41.0,330.0,11.0,30.0,8.01,22.45,0.0,0.0,6.0,6.0,21.0,180.0,6.0,30.0,8.57,21.0,0.0,0.0,11.0,11.0,33.0,263.0,14.0,18.78,7.81,14.42,0.0,0.0,10.0,10.0,34.2,299.0,16.0,18.68,8.7,12.87,0.0,0.0
6,Mustafizur Rahman,16.0,16.0,61.0,421.0,17.0,24.76,6.9,21.52,0.0,0.0,,,,,,,,,,,7.0,7.0,27.0,230.0,7.0,32.85,8.36,23.57,0.0,0.0,,,,,,,,,,,,,,,,,,,,,14.0,14.0,52.0,436.0,14.0,31.14,8.41,22.21,0.0,0.0,8.0,8.0,32.0,244.0,8.0,30.5,7.62,24.0,0.0,0.0
7,Jasprit Bumrah,14.0,14.0,52.0,406.0,15.0,27.06,7.8,20.8,0.0,0.0,16.0,16.0,59.0,439.0,20.0,21.95,7.39,17.8,0.0,0.0,14.0,14.0,54.0,372.0,17.0,21.88,6.88,19.05,0.0,0.0,16.0,16.0,61.0,409.0,19.0,21.52,6.63,19.47,0.0,0.0,15.0,15.0,60.0,404.0,27.0,14.96,6.73,13.33,2.0,0.0,14.0,14.0,55.0,410.0,21.0,19.52,7.45,15.71,0.0,0.0,14.0,14.0,53.2,383.0,15.0,25.53,7.18,21.33,0.0,1.0
8,Sandeep Sharma,14.0,14.0,50.0,366.0,15.0,24.4,7.32,20.0,0.0,0.0,13.0,13.0,48.0,398.0,17.0,23.41,8.29,16.94,1.0,0.0,12.0,12.0,44.0,333.0,12.0,27.75,7.56,22.0,0.0,0.0,11.0,11.0,42.0,352.0,12.0,29.33,8.25,21.33,0.0,0.0,13.0,13.0,52.0,374.0,14.0,26.71,7.19,22.28,0.0,0.0,7.0,7.0,23.0,203.0,3.0,67.66,8.63,47.0,0.0,0.0,5.0,5.0,20.0,153.0,2.0,76.5,7.65,60.0,0.0,0.0
9,Andre Russell,12.0,12.0,36.0,291.0,15.0,19.4,7.97,14.6,1.0,0.0,,,,,,,,,,,16.0,15.0,38.0,355.0,13.0,27.3,9.38,17.46,0.0,0.0,14.0,12.0,30.0,287.0,11.0,26.09,9.51,16.45,0.0,0.0,10.0,7.0,18.0,175.0,6.0,29.16,9.72,18.0,0.0,0.0,10.0,8.0,19.0,188.0,11.0,17.09,9.89,10.36,0.0,1.0,14.0,13.0,28.1,278.0,17.0,16.35,9.86,9.94,1.0,0.0
10,Barinder Sran,14.0,14.0,49.0,413.0,14.0,29.5,8.34,21.21,0.0,0.0,,,,,,,,,,,6.0,6.0,22.0,229.0,4.0,57.25,10.4,33.0,0.0,0.0,,,,,,,,,,,,,,,,,,,,,,,,,,,,,,,,,,,,,,,,
11,Axar Patel,14.0,14.0,48.0,388.0,13.0,29.84,8.11,22.07,1.0,0.0,14.0,14.0,48.0,362.0,15.0,24.13,7.54,19.2,0.0,0.0,9.0,8.0,26.0,218.0,3.0,72.66,8.38,52.0,0.0,0.0,14.0,14.0,51.0,364.0,10.0,36.4,7.13,30.6,0.0,0.0,15.0,15.0,51.0,327.0,9.0,36.33,6.41,34.0,0.0,0.0,12.0,12.0,46.0,306.0,15.0,20.4,6.65,18.4,0.0,0.0,13.0,13.0,43.0,321.0,6.0,53.5,7.46,43.0,0.0,0.0
12,Mohit Sharma,14.0,14.0,48.0,407.0,13.0,31.3,8.39,22.38,0.0,0.0,14.0,14.0,45.0,410.0,13.0,31.53,8.97,21.07,0.0,0.0,9.0,9.0,29.0,322.0,7.0,46.0,10.85,25.42,0.0,0.0,1.0,1.0,3.0,27.0,1.0,27.0,9.0,18.0,0.0,0.0,1.0,1.0,4.0,45.0,1.0,45.0,11.25,24.0,0.0,0.0,,,,,,,,,,,,,,,,,,,,
13,Chris Morris,12.0,12.0,44.0,308.0,13.0,23.69,7.0,20.3,0.0,0.0,9.0,9.0,31.0,240.0,12.0,20.0,7.74,15.5,1.0,0.0,4.0,4.0,14.0,143.0,3.0,47.66,10.21,28.0,0.0,0.0,9.0,9.0,33.0,306.0,13.0,23.53,9.27,15.23,0.0,0.0,9.0,9.0,31.0,210.0,11.0,19.09,6.63,17.27,1.0,0.0,11.0,11.0,41.0,376.0,15.0,25.06,9.17,16.4,1.0,0.0,,,,,,,,,,
14,Amit Mishra,14.0,14.0,46.0,344.0,13.0,26.46,7.47,21.23,1.0,0.0,14.0,14.0,39.0,343.0,10.0,34.3,8.83,23.3,0.0,0.0,10.0,10.0,37.0,264.0,12.0,22.0,7.13,18.5,0.0,0.0,11.0,11.0,40.0,270.0,11.0,24.54,6.75,21.81,0.0,0.0,3.0,3.0,10.0,72.0,3.0,24.0,7.2,20.0,0.0,0.0,4.0,4.0,14.0,109.0,6.0,18.16,7.78,14.0,1.0,0.0,,,,,,,,,,
15,Adam Zampa,5.0,5.0,17.0,115.0,12.0,9.58,6.76,8.5,0.0,1.0,6.0,6.0,20.0,163.0,7.0,23.28,8.21,17.0,0.0,0.0,,,,,,,,,,,,,,,,,,,,,3.0,3.0,11.0,92.0,2.0,46.0,8.36,33.0,0.0,0.0,,,,,,,,,,,,,,,,,,,,
16,Moises Henriques,17.0,17.0,52.0,415.0,12.0,34.58,7.98,26.0,0.0,0.0,12.0,12.0,24.0,248.0,1.0,248.0,10.33,144.0,0.0,0.0,,,,,,,,,,,,,,,,,,,,,,,,,,,,,,,5.0,5.0,10.0,45.0,4.0,11.25,4.5,15.0,0.0,0.0,,,,,,,,,,
17,Sreenath Aravind,9.0,9.0,29.0,216.0,11.0,19.63,7.4,15.9,0.0,0.0,10.0,10.0,30.0,275.0,5.0,55.0,9.01,36.6,0.0,0.0,,,,,,,,,,,,,,,,,,,,,,,,,,,,,,,,,,,,,,,,,,,,,,,,,,
18,Sunil Narine,11.0,11.0,43.0,304.0,11.0,27.63,7.09,23.36,0.0,0.0,16.0,15.0,59.0,412.0,10.0,41.2,6.98,35.4,0.0,0.0,16.0,16.0,61.0,467.0,17.0,27.47,7.65,21.52,0.0,0.0,12.0,12.0,44.0,347.0,10.0,34.7,7.82,26.6,0.0,0.0,10.0,10.0,38.0,302.0,5.0,60.4,7.94,45.6,0.0,0.0,14.0,14.0,56.0,361.0,16.0,22.56,6.44,21.0,1.0,0.0,14.0,14.0,56.0,312.0,9.0,34.66,5.57,37.33,0.0,0.0
19,Ashok Dinda,9.0,9.0,30.0,231.0,11.0,21.0,7.57,16.63,0.0,0.0,3.0,3.0,10.0,119.0,1.0,119.0,11.9,60.0,0.0,0.0,,,,,,,,,,,,,,,,,,,,,,,,,,,,,,,,,,,,,,,,,,,,,,,,,,
20,Piyush Chawla,12.0,11.0,35.0,273.0,11.0,24.81,7.72,19.27,0.0,0.0,6.0,6.0,20.0,179.0,6.0,29.83,8.95,20.0,0.0,0.0,15.0,15.0,49.0,412.0,14.0,29.42,8.4,21.0,0.0,0.0,13.0,13.0,44.0,399.0,10.0,39.9,8.96,26.7,0.0,0.0,7.0,7.0,21.0,191.0,6.0,31.83,9.09,21.0,0.0,0.0,1.0,1.0,4.0,38.0,1.0,38.0,9.5,24.0,0.0,0.0,,,,,,,,,,
21,Chris Jordan,9.0,9.0,28.0,258.0,11.0,23.45,9.21,15.27,1.0,0.0,,,,,,,,,,,,,,,,,,,,,,,,,,,,,,,9.0,9.0,31.0,304.0,9.0,33.77,9.65,21.0,0.0,0.0,4.0,4.0,12.0,96.0,4.0,24.0,8.0,18.0,0.0,0.0,4.0,4.0,12.5,135.0,2.0,67.5,10.51,38.5,0.0,0.0
22,Zaheer Khan,12.0,12.0,43.0,337.0,10.0,33.7,7.71,26.2,0.0,0.0,11.0,11.0,40.0,313.0,10.0,31.3,7.79,24.1,0.0,0.0,,,,,,,,,,,,,,,,,,,,,,,,,,,,,,,,,,,,,,,,,,,,,,,,,,
23,Morne Morkel,10.0,10.0,35.0,297.0,10.0,29.7,8.36,21.3,0.0,0.0,,,,,,,,,,,,,,,,,,,,,,,,,,,,,,,,,,,,,,,,,,,,,,,,,,,,,,,,,,,,
24,Umesh Yadav,9.0,9.0,26.0,234.0,10.0,23.4,9.0,15.6,0.0,0.0,14.0,14.0,48.0,410.0,17.0,24.11,8.45,17.11,1.0,0.0,14.0,14.0,53.0,418.0,20.0,20.9,7.86,15.95,0.0,0.0,11.0,11.0,38.0,371.0,8.0,46.37,9.8,28.37,0.0,0.0,,,,,,,,,,,,,,,,,,,,,12.0,12.0,48.0,339.0,16.0,21.18,7.06,18.0,1.0,0.0
25,Ravichandran Ashwin,14.0,14.0,44.0,319.0,10.0,31.9,7.25,26.4,1.0,0.0,,,,,,,,,,,14.0,14.0,50.0,410.0,10.0,41.0,8.09,30.4,0.0,0.0,14.0,14.0,55.0,400.0,15.0,26.66,7.27,22.0,0.0,0.0,15.0,15.0,51.0,391.0,13.0,30.07,7.66,23.53,0.0,0.0,13.0,13.0,44.0,331.0,7.0,47.28,7.41,38.28,0.0,0.0,17.0,17.0,67.0,503.0,12.0,41.91,7.5,33.5,0.0,0.0
26,Tim Southee,11.0,11.0,43.0,329.0,9.0,36.55,7.65,28.66,0.0,0.0,3.0,3.0,10.0,96.0,3.0,32.0,9.6,20.0,0.0,0.0,8.0,8.0,29.0,261.0,5.0,52.2,9.0,34.8,0.0,0.0,3.0,3.0,9.0,118.0,1.0,118.0,13.11,54.0,0.0,0.0,,,,,,,,,,,3.0,3.0,12.0,95.0,3.0,31.66,7.91,24.0,0.0,0.0,9.0,9.0,35.0,275.0,14.0,19.64,7.85,15.0,0.0,0.0
27,Thisara Perera,12.0,11.0,33.0,326.0,9.0,36.22,9.82,22.11,0.0,0.0,,,,,,,,,,,,,,,,,,,,,,,,,,,,,,,,,,,,,,,,,,,,,,,,,,,,,,,,,,,,
28,Praveen Kumar,16.0,16.0,51.0,401.0,9.0,44.55,7.78,34.33,0.0,0.0,6.0,6.0,16.0,151.0,6.0,25.16,9.15,16.5,0.0,0.0,,,,,,,,,,,,,,,,,,,,,,,,,,,,,,,,,,,,,,,,,,,,,,,,,,
29,Ashish Nehra,8.0,8.0,26.0,199.0,9.0,22.11,7.65,17.33,0.0,0.0,6.0,6.0,21.0,197.0,8.0,24.62,9.3,15.87,0.0,0.0,,,,,,,,,,,,,,,,,,,,,,,,,,,,,,,,,,,,,,,,,,,,,,,,,,
30,Harbhajan Singh,14.0,14.0,49.0,392.0,9.0,43.55,8.0,32.66,0.0,0.0,11.0,11.0,41.0,266.0,8.0,33.25,6.48,30.75,0.0,0.0,13.0,12.0,32.0,270.0,7.0,38.57,8.48,27.28,0.0,0.0,11.0,11.0,44.0,312.0,16.0,19.5,7.09,16.5,0.0,0.0,,,,,,,,,,,,,,,,,,,,,,,,,,,,,,
31,Dwayne Smith,12.0,8.0,18.0,153.0,8.0,19.12,8.5,13.5,1.0,0.0,12.0,9.0,13.0,148.0,2.0,74.0,11.38,39.0,0.0,0.0,,,,,,,,,,,,,,,,,,,,,,,,,,,,,,,,,,,,,,,,,,,,,,,,,,
32,Ravindra Jadeja,15.0,14.0,40.0,311.0,8.0,38.87,7.74,30.12,0.0,0.0,12.0,12.0,38.0,349.0,5.0,69.8,9.18,45.6,0.0,0.0,16.0,14.0,41.0,303.0,11.0,27.54,7.39,22.36,0.0,0.0,16.0,16.0,54.0,343.0,15.0,22.86,6.35,21.6,0.0,0.0,14.0,13.0,36.0,318.0,6.0,53.0,8.75,36.33,0.0,0.0,16.0,16.0,49.0,346.0,13.0,26.61,7.06,22.61,0.0,0.0,10.0,10.0,33.0,248.0,5.0,49.6,7.51,39.6,0.0,0.0
33,Marcus Stoinis,7.0,7.0,23.0,194.0,8.0,24.25,8.43,17.25,1.0,0.0,5.0,5.0,10.0,110.0,2.0,55.0,10.47,31.5,0.0,0.0,7.0,6.0,11.0,120.0,3.0,40.0,10.9,22.0,0.0,0.0,10.0,6.0,16.0,145.0,2.0,72.5,8.7,50.0,0.0,0.0,17.0,13.0,29.0,283.0,13.0,21.76,9.53,13.69,0.0,0.0,10.0,8.0,11.0,117.0,2.0,58.5,10.47,33.5,0.0,0.0,11.0,5.0,7.0,79.0,4.0,19.75,11.28,10.5,0.0,0.0
34,Kane Richardson,4.0,4.0,14.0,136.0,7.0,19.42,9.71,12.0,0.0,0.0,,,,,,,,,,,,,,,,,,,,,,,,,,,,,,,,,,,,,,,,,1.0,1.0,3.0,29.0,1.0,29.0,9.66,18.0,0.0,0.0,,,,,,,,,,
35,Carlos Brathwaite,8.0,8.0,23.0,185.0,7.0,26.42,7.98,19.85,0.0,0.0,2.0,2.0,6.0,67.0,1.0,67.0,11.16,36.0,0.0,0.0,4.0,4.0,10.0,94.0,5.0,18.8,9.24,12.2,0.0,0.0,,,,,,,,,,,,,,,,,,,,,,,,,,,,,,,,,,,,,,,,
36,Murugan Ashwin,10.0,10.0,28.0,241.0,7.0,34.42,8.45,24.42,0.0,0.0,,,,,,,,,,,2.0,2.0,7.0,53.0,3.0,17.66,7.57,14.0,0.0,0.0,10.0,10.0,34.0,255.0,5.0,51.0,7.5,40.8,0.0,0.0,9.0,9.0,31.0,235.0,10.0,23.5,7.46,18.9,0.0,0.0,3.0,3.0,11.0,97.0,1.0,97.0,8.81,66.0,0.0,0.0,8.0,8.0,29.0,228.0,9.0,25.33,7.86,19.33,0.0,0.0
37,Shivil Kaushik,7.0,7.0,23.0,192.0,6.0,32.0,8.34,23.0,0.0,0.0,,,,,,,,,,,,,,,,,,,,,,,,,,,,,,,,,,,,,,,,,,,,,,,,,,,,,,,,,,,,
38,Krunal Pandya,12.0,11.0,31.0,236.0,6.0,39.33,7.57,31.16,0.0,0.0,13.0,13.0,40.0,273.0,10.0,27.3,6.82,24.0,0.0,0.0,14.0,13.0,40.0,284.0,12.0,23.66,7.07,20.08,0.0,0.0,16.0,16.0,46.0,335.0,12.0,27.91,7.28,23.0,0.0,0.0,16.0,16.0,50.0,380.0,6.0,63.33,7.57,50.16,0.0,0.0,13.0,12.0,33.0,265.0,5.0,53.0,7.98,39.8,0.0,0.0,14.0,12.0,38.0,265.0,10.0,26.5,6.97,22.8,0.0,0.0
39,Kuldeep Yadav,3.0,3.0,12.0,100.0,6.0,16.66,8.33,12.0,0.0,0.0,12.0,11.0,41.0,340.0,12.0,28.33,8.29,20.5,0.0,0.0,16.0,16.0,51.0,418.0,17.0,24.58,8.14,18.11,1.0,0.0,9.0,9.0,33.0,286.0,4.0,71.5,8.66,49.5,0.0,0.0,5.0,4.0,12.0,92.0,1.0,92.0,7.66,72.0,0.0,0.0,,,,,,,,,,,14.0,14.0,49.4,419.0,21.0,19.95,8.43,14.19,2.0,0.0
40,Iqbal Abdulla,8.0,8.0,25.0,213.0,6.0,35.5,8.52,25.0,0.0,0.0,2.0,2.0,5.0,55.0,2.0,27.5,11.0,15.0,0.0,0.0,,,,,,,,,,,,,,,,,,,,,,,,,,,,,,,,,,,,,,,,,,,,,,,,,,
41,Rajat Bhatia,10.0,10.0,34.0,244.0,6.0,40.66,7.17,34.0,0.0,0.0,3.0,3.0,7.0,55.0,2.0,27.5,7.85,21.0,0.0,0.0,,,,,,,,,,,,,,,,,,,,,,,,,,,,,,,,,,,,,,,,,,,,,,,,,,
42,Pravin Tambe,7.0,7.0,16.0,143.0,5.0,28.6,8.93,19.2,0.0,0.0,,,,,,,,,,,,,,,,,,,,,,,,,,,,,,,,,,,,,,,,,,,,,,,,,,,,,,,,,,,,
43,Shakib Al Hasan,10.0,9.0,31.0,243.0,5.0,48.6,7.83,37.2,0.0,0.0,,,,,,,,,,,17.0,17.0,57.0,456.0,14.0,32.57,8.0,24.42,0.0,0.0,3.0,3.0,11.0,95.0,2.0,47.5,8.76,32.5,0.0,0.0,,,,,,,,,,,8.0,8.0,26.0,187.0,4.0,46.75,7.19,39.0,0.0,0.0,,,,,,,,,,
44,Ben Cutting,4.0,4.0,11.0,80.0,5.0,16.0,7.16,13.4,0.0,0.0,4.0,4.0,12.0,123.0,1.0,123.0,9.71,76.0,0.0,0.0,9.0,7.0,17.0,168.0,2.0,84.0,9.88,51.0,0.0,0.0,3.0,1.0,2.0,27.0,1.0,27.0,13.5,12.0,0.0,0.0,,,,,,,,,,,,,,,,,,,,,,,,,,,,,,
45,Imran Tahir,4.0,4.0,16.0,138.0,5.0,27.6,8.62,19.2,0.0,0.0,12.0,12.0,47.0,369.0,18.0,20.5,7.85,15.66,0.0,0.0,6.0,6.0,20.0,188.0,6.0,31.33,9.09,20.66,0.0,0.0,17.0,17.0,64.0,431.0,26.0,16.57,6.69,14.84,2.0,0.0,3.0,3.0,11.0,76.0,1.0,76.0,6.9,66.0,0.0,0.0,1.0,1.0,4.0,16.0,2.0,8.0,4.0,12.0,0.0,0.0,,,,,,,,,,
46,Mohammad Shami,8.0,8.0,25.0,244.0,5.0,48.8,9.69,30.2,0.0,0.0,8.0,8.0,26.0,243.0,5.0,48.6,9.34,31.2,0.0,0.0,4.0,4.0,14.0,144.0,3.0,48.0,10.4,27.66,0.0,0.0,14.0,14.0,54.0,469.0,19.0,24.68,8.68,17.05,0.0,0.0,14.0,14.0,53.0,460.0,20.0,23.0,8.57,16.1,0.0,0.0,14.0,14.0,52.0,395.0,19.0,20.78,7.5,16.63,0.0,0.0,16.0,16.0,61.0,488.0,20.0,24.4,8.0,18.3,0.0,0.0
47,Brad Hogg,5.0,5.0,16.0,142.0,4.0,35.5,8.87,24.0,0.0,0.0,,,,,,,,,,,,,,,,,,,,,,,,,,,,,,,,,,,,,,,,,,,,,,,,,,,,,,,,,,,,
48,Mitchell Marsh,3.0,3.0,9.0,45.0,4.0,11.25,5.0,13.5,0.0,0.0,,,,,,,,,,,,,,,,,,,,,,,,,,,,,,,,,,,,,,,,,,,,,,,,,,,8.0,4.0,12.0,102.0,4.0,25.5,8.5,18.0,0.0,0.0
49,Bipul Sharma,7.0,6.0,14.0,121.0,3.0,40.33,8.64,28.0,0.0,0.0,7.0,7.0,16.0,129.0,3.0,43.0,7.89,32.66,0.0,0.0,,,,,,,,,,,,,,,,,,,,,,,,,,,,,,,,,,,,,,,,,,,,,,,,,,
50,Vinay Kumar,3.0,3.0,9.0,64.0,3.0,21.33,7.11,18.0,0.0,0.0,1.0,1.0,3.0,31.0,2.0,15.5,10.33,9.0,0.0,0.0,2.0,2.0,4.0,65.0,2.0,32.5,16.95,11.5,0.0,0.0,,,,,,,,,,,,,,,,,,,,,,,,,,,,,,,,,,,,,,,,
51,RP Singh,4.0,4.0,12.0,111.0,3.0,37.0,9.25,24.0,0.0,0.0,,,,,,,,,,,,,,,,,,,,,,,,,,,,,,,,,,,,,,,,,,,,,,,,,,,,,,,,,,,,
52,Ankit Rajpoot,4.0,4.0,11.0,98.0,3.0,32.66,8.9,22.0,0.0,0.0,5.0,5.0,14.0,107.0,4.0,26.75,7.64,21.0,0.0,0.0,8.0,8.0,26.0,223.0,11.0,20.27,8.52,14.27,0.0,1.0,4.0,4.0,16.0,152.0,3.0,50.66,9.5,32.0,0.0,0.0,6.0,6.0,17.0,199.0,2.0,99.5,11.7,51.0,0.0,0.0,,,,,,,,,,,,,,,,,,,,
53,Tabraiz Shamsi,4.0,4.0,16.0,147.0,3.0,49.0,9.18,32.0,0.0,0.0,,,,,,,,,,,,,,,,,,,,,,,,,,,,,,,,,,,,,,,,,,,,,,,,,,,,,,,,,,,,
54,Pradeep Sahu,5.0,5.0,17.0,146.0,3.0,48.66,8.34,35.0,0.0,0.0,,,,,,,,,,,,,,,,,,,,,,,,,,,,,,,,,,,,,,,,,,,,,,,,,,,,,,,,,,,,
55,Nathan Coulter-Nile,4.0,4.0,15.0,114.0,3.0,38.0,7.6,30.0,0.0,0.0,8.0,8.0,28.0,228.0,15.0,15.2,8.04,11.33,0.0,0.0,,,,,,,,,,,,,,,,,,,,,7.0,7.0,26.0,206.0,5.0,41.2,7.92,31.2,0.0,0.0,5.0,5.0,20.0,127.0,7.0,18.14,6.35,17.14,1.0,0.0,,,,,,,,,,
56,Hardik Pandya,11.0,10.0,16.0,153.0,3.0,51.0,9.18,33.33,0.0,0.0,17.0,13.0,26.0,213.0,6.0,35.5,8.19,26.0,0.0,0.0,13.0,13.0,42.0,381.0,18.0,21.16,8.92,14.22,0.0,0.0,16.0,16.0,42.0,390.0,14.0,27.85,9.17,18.21,0.0,0.0,,,,,,,,,,,,,,,,,,,,,15.0,10.0,30.3,222.0,8.0,27.75,7.27,22.87,0.0,0.0
57,Ishant Sharma,4.0,4.0,15.0,148.0,3.0,49.33,9.86,30.0,0.0,0.0,,,,,,,,,,,,,,,,,,,,,13.0,13.0,46.0,349.0,13.0,26.84,7.58,21.23,0.0,0.0,,,,,,,,,,,3.0,3.0,12.0,97.0,1.0,97.0,8.08,72.0,0.0,0.0,,,,,,,,,,
58,Deepak Hooda,17.0,6.0,13.0,97.0,3.0,32.33,7.46,26.0,0.0,0.0,10.0,3.0,4.0,42.0,2.0,21.0,10.5,12.0,0.0,0.0,,,,,,,,,,,11.0,2.0,2.0,21.0,1.0,21.0,10.5,12.0,0.0,0.0,,,,,,,,,,,12.0,7.0,16.0,136.0,2.0,68.0,8.5,48.0,0.0,0.0,15.0,2.0,4.0,43.0,1.0,43.0,10.75,24.0,0.0,0.0
59,KC Cariappa,5.0,5.0,17.0,159.0,3.0,53.0,9.35,34.0,0.0,0.0,4.0,4.0,15.0,127.0,4.0,31.75,8.46,22.5,0.0,0.0,,,,,,,,,,,,,,,,,,,,,,,,,,,,,,,,,,,,,,,,,,,,,,,,,,
60,Scott Boland,2.0,2.0,7.0,54.0,2.0,27.0,7.71,21.0,0.0,0.0,,,,,,,,,,,,,,,,,,,,,,,,,,,,,,,,,,,,,,,,,,,,,,,,,,,,,,,,,,,,
61,James Faulkner,7.0,7.0,17.0,167.0,2.0,83.5,9.82,51.0,0.0,0.0,8.0,8.0,26.0,258.0,6.0,43.0,9.79,26.33,0.0,0.0,,,,,,,,,,,,,,,,,,,,,,,,,,,,,,,,,,,,,,,,,,,,,,,,,,
62,Jason Holder,4.0,4.0,13.0,103.0,2.0,51.5,7.92,39.0,0.0,0.0,,,,,,,,,,,,,,,,,,,,,,,,,,,,,,,7.0,7.0,28.0,233.0,14.0,16.64,8.32,12.0,0.0,0.0,8.0,8.0,32.0,247.0,16.0,15.43,7.75,11.93,1.0,0.0,12.0,12.0,41.3,391.0,14.0,27.92,9.42,17.78,0.0,0.0
63,Jayant Yadav,5.0,5.0,17.0,125.0,2.0,62.5,7.35,51.0,0.0,0.0,,,,,,,,,,,,,,,,,,,,,2.0,2.0,7.0,50.0,1.0,50.0,7.14,42.0,0.0,0.0,2.0,2.0,7.0,43.0,1.0,43.0,6.14,42.0,0.0,0.0,5.0,5.0,17.0,130.0,2.0,65.0,7.64,51.0,0.0,0.0,,,,,,,,,,
64,John Hastings,2.0,2.0,6.0,37.0,2.0,18.5,5.55,20.0,0.0,0.0,,,,,,,,,,,,,,,,,,,,,,,,,,,,,,,,,,,,,,,,,,,,,,,,,,,,,,,,,,,,
65,Varun Aaron,8.0,8.0,23.0,227.0,2.0,113.5,9.59,71.0,0.0,0.0,6.0,6.0,20.0,163.0,7.0,23.28,8.15,17.14,0.0,0.0,,,,,,,,,,,5.0,5.0,12.0,116.0,4.0,29.0,9.66,18.0,0.0,0.0,,,,,,,,,,,,,,,,,,,,,2.0,2.0,5.0,52.0,2.0,26.0,10.4,15.0,0.0,0.0
66,JP Duminy,10.0,5.0,7.0,55.0,2.0,27.5,7.85,21.0,0.0,0.0,,,,,,,,,,,,,,,,,,,,,,,,,,,,,,,,,,,,,,,,,,,,,,,,,,,,,,,,,,,,
67,Shahbaz Nadeem,4.0,4.0,15.0,127.0,2.0,63.5,8.46,45.0,0.0,0.0,7.0,7.0,18.0,119.0,6.0,19.83,6.67,17.83,0.0,0.0,6.0,6.0,15.0,161.0,3.0,53.66,10.73,30.0,0.0,0.0,3.0,3.0,9.0,90.0,2.0,45.0,10.0,27.0,0.0,0.0,7.0,7.0,22.0,178.0,5.0,35.6,8.09,26.4,0.0,0.0,1.0,1.0,4.0,36.0,1.0,36.0,9.0,24.0,0.0,0.0,,,,,,,,,,
68,Shadab Jakati,6.0,6.0,20.0,178.0,2.0,89.0,8.9,60.0,0.0,0.0,,,,,,,,,,,,,,,,,,,,,,,,,,,,,,,,,,,,,,,,,,,,,,,,,,,,,,,,,,,,
69,Sachin Baby,11.0,2.0,1.0,8.0,2.0,4.0,4.8,5.0,0.0,0.0,,,,,,,,,,,,,,,,,,,,,,,,,,,,,,,,,,,,,,,,,,,,,,,,,,,,,,,,,,,,
70,Kyle Abbott,5.0,5.0,16.0,177.0,2.0,88.5,11.06,48.0,0.0,0.0,,,,,,,,,,,,,,,,,,,,,,,,,,,,,,,,,,,,,,,,,,,,,,,,,,,,,,,,,,,,
71,Rishi Dhawan,2.0,2.0,7.0,56.0,2.0,28.0,8.0,21.0,0.0,0.0,,,,,,,,,,,,,,,,,,,,,,,,,,,,,,,,,,,,,,,,,,,,,,,,,,,6.0,6.0,19.0,156.0,6.0,26.0,8.21,19.0,0.0,0.0
72,Mitchell Johnson,3.0,3.0,11.0,106.0,2.0,53.0,9.63,33.0,0.0,0.0,5.0,5.0,20.0,141.0,7.0,20.14,7.05,17.14,0.0,0.0,6.0,6.0,21.0,216.0,2.0,108.0,10.28,63.0,0.0,0.0,,,,,,,,,,,,,,,,,,,,,,,,,,,,,,,,,,,,,,,,
73,Gurkeerat Mann Singh,7.0,3.0,4.0,31.0,2.0,15.5,7.75,12.0,0.0,0.0,,,,,,,,,,,,,,,,,,,,,,,,,,,,,,,,,,,,,,,,,,,,,,,,,,,,,,,,,,,,
74,Chris Gayle,10.0,4.0,10.0,63.0,2.0,31.5,6.3,30.0,0.0,0.0,,,,,,,,,,,,,,,,,,,,,,,,,,,,,,,,,,,,,,,,,,,,,,,,,,,,,,,,,,,,
75,Albie Morkel,2.0,2.0,5.0,66.0,2.0,33.0,13.2,15.0,0.0,0.0,,,,,,,,,,,,,,,,,,,,,,,,,,,,,,,,,,,,,,,,,,,,,,,,,,,,,,,,,,,,
76,Yusuf Pathan,15.0,4.0,6.0,33.0,1.0,33.0,5.5,36.0,0.0,0.0,15.0,4.0,4.0,41.0,1.0,41.0,10.25,24.0,0.0,0.0,15.0,1.0,2.0,14.0,1.0,14.0,7.0,12.0,0.0,0.0,,,,,,,,,,,,,,,,,,,,,,,,,,,,,,,,,,,,,,,,
77,Trent Boult,1.0,1.0,4.0,39.0,1.0,39.0,9.75,24.0,0.0,0.0,6.0,6.0,24.0,216.0,5.0,43.2,9.06,28.6,0.0,0.0,14.0,14.0,52.0,466.0,18.0,25.88,8.84,17.55,0.0,0.0,5.0,5.0,19.0,163.0,5.0,32.6,8.57,22.8,0.0,0.0,15.0,15.0,57.0,457.0,25.0,18.28,7.97,13.76,1.0,0.0,14.0,14.0,51.0,406.0,13.0,31.23,7.9,23.69,0.0,0.0,16.0,16.0,62.0,492.0,16.0,30.75,7.93,23.25,0.0,0.0
78,Adam Milne,1.0,1.0,4.0,43.0,1.0,43.0,10.75,24.0,0.0,0.0,4.0,4.0,14.0,134.0,3.0,44.66,9.57,28.0,0.0,0.0,,,,,,,,,,,,,,,,,,,,,,,,,,,,,,,4.0,4.0,14.0,131.0,3.0,43.66,9.35,28.0,0.0,0.0,,,,,,,,,,
79,Ankit Sharma,3.0,3.0,11.0,84.0,1.0,84.0,7.63,66.0,0.0,0.0,,,,,,,,,,,,,,,,,,,,,,,,,,,,,,,,,,,,,,,,,,,,,,,,,,,,,,,,,,,,
80,Stuart Binny,14.0,11.0,17.0,134.0,1.0,134.0,7.88,102.0,0.0,0.0,8.0,4.0,6.0,50.0,4.0,12.5,8.33,9.0,0.0,0.0,,,,,,,,,,,8.0,5.0,7.0,44.0,1.0,44.0,6.28,42.0,0.0,0.0,,,,,,,,,,,,,,,,,,,,,,,,,,,,,,
81,Ashish Reddy,4.0,2.0,4.0,39.0,1.0,39.0,10.17,23.0,0.0,0.0,,,,,,,,,,,,,,,,,,,,,,,,,,,,,,,,,,,,,,,,,,,,,,,,,,,,,,,,,,,,
82,Rajagopal Sathish,4.0,3.0,6.0,59.0,1.0,59.0,9.83,36.0,0.0,0.0,,,,,,,,,,,,,,,,,,,,,,,,,,,,,,,,,,,,,,,,,,,,,,,,,,,,,,,,,,,,
83,Pawan Negi,8.0,5.0,9.0,84.0,1.0,84.0,9.33,54.0,0.0,0.0,12.0,12.0,32.0,197.0,16.0,12.31,6.12,12.06,0.0,0.0,2.0,2.0,4.0,49.0,1.0,49.0,12.25,24.0,0.0,0.0,7.0,4.0,11.0,102.0,3.0,34.0,9.13,22.33,0.0,0.0,,,,,,,,,,,,,,,,,,,,,,,,,,,,,,
84,Parveez Rasool,4.0,4.0,14.0,129.0,1.0,129.0,9.21,84.0,0.0,0.0,,,,,,,,,,,,,,,,,,,,,,,,,,,,,,,,,,,,,,,,,,,,,,,,,,,,,,,,,,,,
85,Harshal Patel,5.0,5.0,14.0,147.0,1.0,147.0,10.5,84.0,0.0,0.0,1.0,1.0,4.0,43.0,3.0,14.33,10.75,8.0,0.0,0.0,5.0,5.0,17.0,167.0,7.0,23.85,9.54,15.0,0.0,0.0,2.0,2.0,8.0,77.0,2.0,38.5,9.62,24.0,0.0,0.0,5.0,5.0,15.0,134.0,3.0,44.66,8.93,30.0,0.0,0.0,15.0,15.0,56.0,459.0,32.0,14.34,8.14,10.56,1.0,1.0,15.0,15.0,53.3,410.0,19.0,21.57,7.66,16.89,1.0,0.0
86,Jaydev Unadkat,,,,,,,,,,,12.0,12.0,46.0,322.0,24.0,13.41,7.02,11.45,0.0,1.0,15.0,15.0,50.0,486.0,11.0,44.18,9.65,27.45,0.0,0.0,11.0,11.0,37.0,398.0,10.0,39.8,10.66,22.4,0.0,0.0,7.0,7.0,23.0,228.0,4.0,57.0,9.91,34.5,0.0,0.0,6.0,6.0,22.0,168.0,4.0,42.0,7.63,33.0,0.0,0.0,5.0,5.0,20.0,190.0,6.0,31.66,9.5,20.0,0.0,0.0
87,Chris Woakes,,,,,,,,,,,13.0,13.0,44.0,386.0,17.0,22.7,8.77,15.52,0.0,0.0,5.0,5.0,18.0,190.0,8.0,23.75,10.36,13.75,0.0,0.0,,,,,,,,,,,,,,,,,,,,,3.0,3.0,11.0,82.0,5.0,16.4,7.45,13.2,0.0,0.0,,,,,,,,,,
88,Rashid Khan,,,,,,,,,,,14.0,14.0,54.0,358.0,17.0,21.05,6.62,19.05,0.0,0.0,17.0,17.0,68.0,458.0,21.0,21.8,6.73,19.42,0.0,0.0,15.0,15.0,60.0,377.0,17.0,22.17,6.28,21.17,0.0,0.0,16.0,16.0,64.0,344.0,20.0,17.2,5.37,19.2,0.0,0.0,14.0,14.0,56.0,375.0,18.0,20.83,6.69,18.66,0.0,0.0,16.0,16.0,63.5,421.0,19.0,22.15,6.59,20.15,1.0,0.0
89,Siddarth Kaul,,,,,,,,,,,10.0,10.0,35.0,300.0,16.0,18.75,8.41,13.37,1.0,0.0,17.0,17.0,66.0,547.0,21.0,26.04,8.28,18.85,0.0,0.0,7.0,7.0,27.0,242.0,6.0,40.33,8.96,27.0,0.0,0.0,1.0,1.0,4.0,64.0,2.0,32.0,16.0,12.0,0.0,0.0,8.0,8.0,30.0,247.0,7.0,35.28,8.23,25.71,0.0,0.0,,,,,,,,,,
90,Pat Cummins,,,,,,,,,,,12.0,12.0,46.0,373.0,15.0,24.86,8.07,18.46,0.0,0.0,,,,,,,,,,,,,,,,,,,,,14.0,14.0,52.0,409.0,12.0,34.08,7.86,26.0,1.0,0.0,7.0,7.0,27.0,237.0,9.0,26.33,8.83,17.88,0.0,0.0,5.0,5.0,19.5,212.0,7.0,30.28,10.68,17.0,0.0,0.0
91,Karn Sharma,,,,,,,,,,,9.0,9.0,30.0,214.0,13.0,16.46,6.97,14.15,1.0,0.0,6.0,5.0,9.0,89.0,4.0,22.25,9.36,14.25,0.0,0.0,1.0,1.0,3.0,33.0,1.0,33.0,11.64,17.0,0.0,0.0,5.0,5.0,19.0,165.0,5.0,33.0,8.68,22.8,0.0,0.0,,,,,,,,,,,,,,,,,,,,
92,Ben Stokes,,,,,,,,,,,12.0,12.0,44.0,316.0,12.0,26.33,7.18,22.0,0.0,0.0,13.0,12.0,37.0,303.0,8.0,37.87,8.18,27.75,0.0,0.0,9.0,6.0,17.0,189.0,6.0,31.5,11.22,16.83,0.0,0.0,8.0,6.0,15.0,154.0,2.0,77.0,10.26,45.0,0.0,0.0,,,,,,,,,,,,,,,,,,,,
93,Andrew Tye,,,,,,,,,,,6.0,6.0,21.0,141.0,12.0,11.75,6.71,10.5,0.0,1.0,14.0,14.0,56.0,448.0,24.0,18.66,8.0,14.0,3.0,0.0,6.0,6.0,22.0,233.0,3.0,77.66,10.59,44.0,0.0,0.0,1.0,1.0,4.0,50.0,1.0,50.0,12.5,24.0,0.0,0.0,,,,,,,,,,,3.0,3.0,11.0,107.0,2.0,53.5,9.72,33.0,0.0,0.0
94,Shardul Thakur,,,,,,,,,,,12.0,12.0,38.0,315.0,11.0,28.63,8.25,20.81,0.0,0.0,13.0,13.0,46.0,431.0,16.0,26.93,9.23,17.5,0.0,0.0,10.0,9.0,30.0,281.0,8.0,35.12,9.36,22.5,0.0,0.0,9.0,9.0,32.0,275.0,10.0,27.5,8.5,19.4,0.0,0.0,16.0,16.0,60.0,527.0,21.0,25.09,8.8,17.09,0.0,0.0,14.0,14.0,48.2,473.0,15.0,31.53,9.78,19.33,1.0,0.0
95,Dan Christian,,,,,,,,,,,13.0,13.0,40.0,298.0,11.0,27.09,7.45,21.81,0.0,0.0,4.0,4.0,12.0,101.0,4.0,25.25,8.53,17.75,0.0,0.0,,,,,,,,,,,,,,,,,,,,,9.0,9.0,16.0,155.0,4.0,38.75,9.3,25.0,0.0,0.0,,,,,,,,,,
96,Basil Thampi,,,,,,,,,,,12.0,12.0,44.0,424.0,11.0,38.54,9.49,24.36,0.0,0.0,4.0,4.0,10.0,114.0,5.0,22.8,11.21,12.2,0.0,0.0,,,,,,,,,,,1.0,1.0,4.0,46.0,1.0,46.0,11.5,24.0,0.0,0.0,,,,,,,,,,,5.0,5.0,16.0,152.0,5.0,30.4,9.5,19.2,0.0,0.0
97,Lasith Malinga,,,,,,,,,,,12.0,12.0,45.0,382.0,11.0,34.72,8.52,24.45,0.0,0.0,,,,,,,,,,,12.0,12.0,45.0,438.0,16.0,27.37,9.76,16.81,2.0,0.0,,,,,,,,,,,,,,,,,,,,,,,,,,,,,,
98,Mohammed Siraj,,,,,,,,,,,6.0,6.0,23.0,212.0,10.0,21.2,9.21,13.8,1.0,0.0,11.0,11.0,41.0,367.0,11.0,33.36,8.95,22.36,0.0,0.0,9.0,9.0,28.0,269.0,7.0,38.42,9.55,24.14,0.0,0.0,9.0,9.0,27.0,236.0,11.0,21.45,8.68,14.81,0.0,0.0,15.0,15.0,52.0,353.0,11.0,32.09,6.78,28.36,0.0,0.0,15.0,15.0,51.0,514.0,9.0,57.11,10.07,34.0,0.0,0.0
99,Samuel Badree,,,,,,,,,,,7.0,7.0,25.0,188.0,9.0,20.88,7.52,16.66,1.0,0.0,,,,,,,,,,,,,,,,,,,,,,,,,,,,,,,,,,,,,,,,,,,,,,,,,,
100,Washington Sundar,,,,,,,,,,,11.0,10.0,30.0,185.0,8.0,23.12,6.16,22.5,0.0,0.0,7.0,7.0,20.0,192.0,4.0,48.0,9.6,30.0,0.0,0.0,3.0,3.0,9.0,74.0,4.0,18.5,8.22,13.5,0.0,0.0,15.0,15.0,50.0,298.0,8.0,37.25,5.96,37.5,0.0,0.0,6.0,6.0,16.0,118.0,3.0,39.33,7.37,32.0,0.0,0.0,9.0,8.0,28.0,239.0,6.0,39.83,8.53,28.0,0.0,0.0
101,Glenn Maxwell,,,,,,,,,,,14.0,8.0,19.0,125.0,7.0,17.85,6.57,16.28,0.0,0.0,12.0,10.0,16.0,132.0,5.0,26.4,8.25,19.2,0.0,0.0,,,,,,,,,,,13.0,7.0,21.0,169.0,3.0,56.33,8.04,42.0,0.0,0.0,15.0,6.0,16.0,135.0,3.0,45.0,8.43,32.0,0.0,0.0,13.0,10.0,24.0,165.0,6.0,27.5,6.87,24.0,0.0,0.0
102,Kagiso Rabada,,,,,,,,,,,6.0,6.0,21.0,188.0,6.0,31.33,8.81,21.33,0.0,0.0,,,,,,,,,,,12.0,12.0,47.0,368.0,25.0,14.72,7.82,11.28,2.0,0.0,17.0,17.0,65.0,548.0,30.0,18.26,8.34,13.13,2.0,0.0,15.0,15.0,56.0,456.0,15.0,30.4,8.14,22.4,0.0,0.0,13.0,13.0,48.0,406.0,23.0,17.65,8.45,12.52,2.0,0.0
103,Aniket Choudhary,,,,,,,,,,,5.0,5.0,17.0,144.0,5.0,28.8,8.55,20.2,0.0,0.0,,,,,,,,,,,,,,,,,,,,,,,,,,,,,,,,,,,,,,,,,,,,,,,,,,
104,Pradeep Sangwan,,,,,,,,,,,5.0,5.0,18.0,181.0,5.0,36.2,10.05,21.6,0.0,0.0,,,,,,,,,,,,,,,,,,,,,,,,,,,,,,,,,,,,,,,,,3.0,3.0,9.0,65.0,3.0,21.66,7.22,18.0,0.0,0.0
105,Tymal Mills,,,,,,,,,,,5.0,5.0,18.0,153.0,5.0,30.6,8.57,21.4,0.0,0.0,,,,,,,,,,,,,,,,,,,,,,,,,,,,,,,,,,,,,,,,,5.0,5.0,17.0,190.0,6.0,31.66,11.17,17.0,0.0,0.0
106,Colin de Grandhomme,,,,,,,,,,,12.0,9.0,16.0,135.0,4.0,33.75,8.43,24.0,0.0,0.0,9.0,7.0,15.0,129.0,2.0,64.5,8.6,45.0,0.0,0.0,,,,,,,,,,,,,,,,,,,,,,,,,,,,,,,,,,,,,,,,
107,Lockie Ferguson,,,,,,,,,,,4.0,4.0,13.0,93.0,3.0,31.0,7.15,26.0,0.0,0.0,,,,,,,,,,,5.0,5.0,17.0,183.0,2.0,91.5,10.76,51.0,0.0,0.0,5.0,5.0,20.0,148.0,6.0,24.66,7.46,19.83,0.0,0.0,8.0,8.0,30.0,224.0,13.0,17.23,7.46,13.84,0.0,0.0,13.0,13.0,47.4,427.0,12.0,35.58,8.95,23.83,1.0,0.0
108,Rahul Tewatia,,,,,,,,,,,3.0,3.0,9.0,49.0,3.0,16.33,5.44,18.0,0.0,0.0,8.0,8.0,22.0,173.0,6.0,28.83,7.86,22.0,0.0,0.0,5.0,3.0,6.0,42.0,2.0,21.0,6.63,19.0,0.0,0.0,14.0,14.0,46.0,326.0,10.0,32.6,7.08,27.6,0.0,0.0,14.0,13.0,37.0,340.0,8.0,42.5,9.18,27.75,0.0,0.0,,,,,,,,,,
109,Corey Anderson,,,,,,,,,,,11.0,8.0,19.0,186.0,3.0,62.0,9.87,37.66,0.0,0.0,3.0,3.0,8.0,115.0,3.0,38.33,13.26,17.33,0.0,0.0,,,,,,,,,,,,,,,,,,,,,,,,,,,,,,,,,,,,,,,,
110,Ankit Soni,,,,,,,,,,,7.0,6.0,18.0,144.0,2.0,72.0,7.92,54.5,0.0,0.0,,,,,,,,,,,,,,,,,,,,,,,,,,,,,,,,,,,,,,,,,,,,,,,,,,
111,Mohammad Nabi,,,,,,,,,,,3.0,3.0,11.0,58.0,2.0,29.0,5.27,33.0,0.0,0.0,2.0,2.0,5.0,47.0,1.0,47.0,9.4,30.0,0.0,0.0,8.0,8.0,29.0,194.0,8.0,24.25,6.65,21.87,1.0,0.0,,,,,,,,,,,3.0,3.0,8.0,86.0,2.0,43.0,10.75,24.0,0.0,0.0,,,,,,,,,,
112,Travis Head,,,,,,,,,,,7.0,5.0,8.0,81.0,2.0,40.5,10.12,24.0,0.0,0.0,,,,,,,,,,,,,,,,,,,,,,,,,,,,,,,,,,,,,,,,,,,,,,,,,,
113,T Natarajan,,,,,,,,,,,6.0,6.0,12.0,115.0,2.0,57.5,9.07,38.0,0.0,0.0,,,,,,,,,,,,,,,,,,,,,16.0,16.0,63.0,504.0,16.0,31.5,8.02,23.56,0.0,0.0,2.0,2.0,8.0,69.0,2.0,34.5,8.62,24.0,0.0,0.0,11.0,11.0,43.0,406.0,18.0,22.55,9.44,14.33,0.0,0.0
114,Rahul Chahar,,,,,,,,,,,3.0,2.0,7.0,58.0,2.0,29.0,8.28,21.0,0.0,0.0,,,,,,,,,,,13.0,13.0,47.0,308.0,13.0,23.69,6.55,21.69,0.0,0.0,15.0,15.0,53.0,433.0,15.0,28.86,8.16,21.2,0.0,0.0,11.0,11.0,43.0,318.0,13.0,24.46,7.39,19.84,1.0,0.0,13.0,13.0,46.4,360.0,14.0,25.71,7.71,20.0,0.0,0.0
115,Billy Stanlake,,,,,,,,,,,2.0,2.0,8.0,70.0,2.0,35.0,8.75,24.0,0.0,0.0,4.0,4.0,16.0,130.0,5.0,26.0,8.12,19.2,0.0,0.0,,,,,,,,,,,,,,,,,,,,,,,,,,,,,,,,,,,,,,,,
116,Nathu Singh,,,,,,,,,,,2.0,2.0,4.0,15.0,1.0,15.0,3.75,24.0,0.0,0.0,,,,,,,,,,,,,,,,,,,,,,,,,,,,,,,,,,,,,,,,,,,,,,,,,,
117,Matt Henry,,,,,,,,,,,2.0,2.0,5.0,71.0,1.0,71.0,14.2,30.0,0.0,0.0,,,,,,,,,,,,,,,,,,,,,,,,,,,,,,,,,,,,,,,,,,,,,,,,,,
118,Yuvraj Singh,,,,,,,,,,,12.0,2.0,2.0,22.0,1.0,22.0,11.0,12.0,0.0,0.0,,,,,,,,,,,,,,,,,,,,,,,,,,,,,,,,,,,,,,,,,,,,,,,,,,
119,Deepak Chahar,,,,,,,,,,,3.0,3.0,7.0,74.0,1.0,74.0,10.57,42.0,0.0,0.0,12.0,12.0,38.0,278.0,10.0,27.8,7.28,22.9,0.0,0.0,17.0,17.0,64.0,482.0,22.0,21.9,7.47,17.59,0.0,0.0,14.0,14.0,52.0,396.0,12.0,33.0,7.61,26.0,0.0,0.0,15.0,15.0,54.0,451.0,14.0,32.21,8.35,23.14,2.0,0.0,,,,,,,,,,
120,Munaf Patel,,,,,,,,,,,2.0,2.0,7.0,57.0,1.0,57.0,8.14,42.0,0.0,0.0,,,,,,,,,,,,,,,,,,,,,,,,,,,,,,,,,,,,,,,,,,,,,,,,,,
121,Shubham Agarwal,,,,,,,,,,,1.0,1.0,4.0,42.0,1.0,42.0,10.5,24.0,0.0,0.0,,,,,,,,,,,,,,,,,,,,,,,,,,,,,,,,,,,,,,,,,,,,,,,,,,
122,Swapnil Singh,,,,,,,,,,,4.0,4.0,7.0,61.0,1.0,61.0,8.71,42.0,0.0,0.0,,,,,,,,,,,,,,,,,,,,,,,,,,,,,,,,,,,,,,,,,,,,,,,,,,
123,Suresh Raina,,,,,,,,,,,14.0,6.0,12.0,102.0,1.0,102.0,8.5,72.0,0.0,0.0,,,,,,,,,,,,,,,,,,,,,,,,,,,,,,,,,,,,,,,,,,,,,,,,,,
124,Avesh Khan,,,,,,,,,,,1.0,1.0,4.0,23.0,1.0,23.0,5.75,24.0,0.0,0.0,6.0,6.0,19.0,204.0,4.0,51.0,10.73,28.5,0.0,0.0,,,,,,,,,,,,,,,,,,,,,16.0,16.0,61.0,450.0,24.0,18.75,7.37,15.25,0.0,0.0,13.0,13.0,47.4,416.0,18.0,23.11,8.72,15.88,1.0,0.0
125,Jofra Archer,,,,,,,,,,,,,,,,,,,,,10.0,10.0,39.0,325.0,15.0,21.66,8.36,15.53,0.0,0.0,11.0,11.0,43.0,291.0,11.0,26.45,6.76,23.45,0.0,0.0,14.0,14.0,55.0,365.0,20.0,18.25,6.55,16.7,0.0,0.0,,,,,,,,,,,,,,,,,,,,
126,Mayank Markande,,,,,,,,,,,,,,,,,,,,,14.0,14.0,44.0,368.0,15.0,24.53,8.36,17.6,1.0,0.0,3.0,3.0,6.0,59.0,1.0,59.0,9.83,36.0,0.0,0.0,,,,,,,,,,,,,,,,,,,,,2.0,2.0,7.0,57.0,1.0,57.0,8.14,42.0,0.0,0.0
127,Mujeeb Ur Rahman,,,,,,,,,,,,,,,,,,,,,11.0,11.0,41.0,289.0,14.0,20.64,6.99,17.71,0.0,0.0,5.0,5.0,19.0,191.0,3.0,63.66,10.05,38.0,0.0,0.0,,,,,,,,,,,1.0,1.0,4.0,29.0,2.0,14.5,7.25,12.0,0.0,0.0,,,,,,,,,,
128,Lungi Ngidi,,,,,,,,,,,,,,,,,,,,,7.0,7.0,26.0,156.0,11.0,14.18,6.0,14.18,1.0,0.0,,,,,,,,,,,4.0,4.0,16.0,167.0,9.0,18.55,10.43,10.66,0.0,0.0,3.0,3.0,12.0,125.0,5.0,25.0,10.41,14.4,0.0,0.0,,,,,,,,,,
129,Krishnappa Gowtham,,,,,,,,,,,,,,,,,,,,,15.0,15.0,40.0,312.0,11.0,28.36,7.8,21.81,0.0,0.0,7.0,7.0,20.0,166.0,1.0,166.0,8.3,120.0,0.0,0.0,2.0,2.0,8.0,84.0,1.0,84.0,10.5,48.0,0.0,0.0,,,,,,,,,,,4.0,4.0,12.0,99.0,5.0,19.8,8.25,14.4,0.0,0.0
130,Shreyas Gopal,,,,,,,,,,,,,,,,,,,,,11.0,10.0,31.0,236.0,11.0,21.45,7.61,16.9,1.0,0.0,14.0,14.0,48.0,347.0,20.0,17.35,7.22,14.4,0.0,0.0,14.0,14.0,50.0,427.0,10.0,42.7,8.54,30.0,0.0,0.0,,,,,,,,,,,1.0,1.0,3.0,34.0,1.0,34.0,11.33,18.0,0.0,0.0
131,Prasidh Krishna,,,,,,,,,,,,,,,,,,,,,7.0,7.0,28.0,260.0,10.0,26.0,9.28,16.8,1.0,0.0,11.0,11.0,40.0,377.0,4.0,94.25,9.34,60.5,0.0,0.0,6.0,6.0,17.0,164.0,4.0,41.0,9.37,26.25,0.0,0.0,10.0,10.0,38.0,351.0,12.0,29.25,9.11,19.25,0.0,0.0,17.0,17.0,66.3,551.0,19.0,29.0,8.28,21.0,0.0,0.0
132,Ben Laughlin,,,,,,,,,,,,,,,,,,,,,7.0,7.0,21.0,211.0,9.0,23.44,10.04,14.0,0.0,0.0,,,,,,,,,,,,,,,,,,,,,,,,,,,,,,,,,,,,,,,,
133,Tom Curran,,,,,,,,,,,,,,,,,,,,,5.0,5.0,10.0,118.0,6.0,19.66,11.6,10.16,0.0,0.0,,,,,,,,,,,5.0,5.0,18.0,208.0,3.0,69.33,11.44,36.33,0.0,0.0,3.0,3.0,11.0,104.0,4.0,26.0,9.17,17.0,0.0,0.0,,,,,,,,,,
134,Sandeep Lamichhane,,,,,,,,,,,,,,,,,,,,,3.0,3.0,12.0,82.0,5.0,16.4,6.83,14.4,0.0,0.0,6.0,6.0,23.0,210.0,8.0,26.25,9.13,17.25,0.0,0.0,,,,,,,,,,,,,,,,,,,,,,,,,,,,,,
135,Shivam Mavi,,,,,,,,,,,,,,,,,,,,,9.0,9.0,28.0,270.0,5.0,54.0,9.64,33.6,0.0,0.0,,,,,,,,,,,8.0,8.0,26.0,212.0,9.0,23.55,8.15,17.33,0.0,0.0,9.0,9.0,32.0,233.0,11.0,21.18,7.24,17.54,1.0,0.0,6.0,6.0,22.0,227.0,5.0,45.4,10.31,26.4,0.0,0.0
136,Ish Sodhi,,,,,,,,,,,,,,,,,,,,,6.0,6.0,23.0,135.0,5.0,27.0,5.86,27.6,0.0,0.0,2.0,2.0,7.0,67.0,4.0,16.75,9.34,10.75,0.0,0.0,,,,,,,,,,,,,,,,,,,,,,,,,,,,,,
137,Nitish Rana,,,,,,,,,,,,,,,,,,,,,15.0,5.0,6.0,44.0,4.0,11.0,7.13,9.25,0.0,0.0,14.0,6.0,8.0,72.0,3.0,24.0,9.0,16.0,0.0,0.0,,,,,,,,,,,,,,,,,,,,,,,,,,,,,,
138,Liam Plunkett,,,,,,,,,,,,,,,,,,,,,7.0,7.0,25.0,225.0,4.0,56.25,9.0,37.5,0.0,0.0,,,,,,,,,,,,,,,,,,,,,,,,,,,,,,,,,,,,,,,,
139,KM Asif,,,,,,,,,,,,,,,,,,,,,2.0,2.0,6.0,75.0,3.0,25.0,12.5,12.0,0.0,0.0,,,,,,,,,,,,,,,,,,,,,1.0,1.0,2.0,18.0,1.0,18.0,8.3,13.0,0.0,0.0,,,,,,,,,,
140,Moeen Ali,,,,,,,,,,,,,,,,,,,,,5.0,5.0,13.0,97.0,3.0,32.33,7.36,26.33,0.0,0.0,11.0,9.0,25.0,169.0,6.0,28.16,6.76,25.0,0.0,0.0,3.0,3.0,5.0,42.0,1.0,42.0,8.4,30.0,0.0,0.0,15.0,10.0,25.0,161.0,6.0,26.83,6.35,25.33,0.0,0.0,10.0,10.0,23.5,158.0,8.0,19.75,6.62,17.87,0.0,0.0
141,David Willey,,,,,,,,,,,,,,,,,,,,,3.0,3.0,10.0,95.0,2.0,47.5,9.5,30.0,0.0,0.0,,,,,,,,,,,,,,,,,,,,,,,,,,,,,,,4.0,4.0,11.0,72.0,1.0,72.0,6.54,66.0,0.0,0.0
142,Kulwant Khejroliya,,,,,,,,,,,,,,,,,,,,,3.0,3.0,11.0,107.0,2.0,53.5,9.87,32.5,0.0,0.0,2.0,2.0,5.0,47.0,1.0,47.0,9.4,30.0,0.0,0.0,,,,,,,,,,,,,,,,,,,,,,,,,,,,,,
143,Javon Searles,,,,,,,,,,,,,,,,,,,,,4.0,3.0,7.0,89.0,2.0,44.5,12.71,21.0,0.0,0.0,,,,,,,,,,,,,,,,,,,,,,,,,,,,,,,,,,,,,,,,
144,D'Arcy Short,,,,,,,,,,,,,,,,,,,,,7.0,2.0,3.0,19.0,1.0,19.0,6.33,18.0,0.0,0.0,,,,,,,,,,,,,,,,,,,,,,,,,,,,,,,,,,,,,,,,
145,Anureet Singh,,,,,,,,,,,,,,,,,,,,,3.0,3.0,4.0,42.0,1.0,42.0,10.5,24.0,0.0,0.0,,,,,,,,,,,,,,,,,,,,,,,,,,,,,,,,,,,,,,,,
146,Vijay Shankar,,,,,,,,,,,,,,,,,,,,,13.0,4.0,5.0,58.0,1.0,58.0,11.6,30.0,0.0,0.0,15.0,5.0,8.0,70.0,1.0,70.0,8.75,48.0,0.0,0.0,7.0,5.0,13.0,82.0,4.0,20.5,6.22,19.75,0.0,0.0,7.0,5.0,11.0,100.0,3.0,33.33,9.09,22.0,0.0,0.0,,,,,,,,,,
147,Khaleel Ahmed,,,,,,,,,,,,,,,,,,,,,,,,,,,,,,,9.0,9.0,35.0,287.0,19.0,15.1,8.23,11.0,0.0,0.0,7.0,7.0,25.0,242.0,8.0,30.25,9.42,19.25,0.0,0.0,7.0,7.0,27.0,219.0,5.0,43.8,8.11,32.4,0.0,0.0,10.0,10.0,39.1,315.0,16.0,19.68,8.04,14.68,0.0,0.0
148,Navdeep Saini,,,,,,,,,,,,,,,,,,,,,,,,,,,,,,,13.0,13.0,48.0,397.0,11.0,36.09,8.27,26.18,0.0,0.0,13.0,13.0,45.0,379.0,6.0,63.16,8.29,45.66,0.0,0.0,,,,,,,,,,,2.0,2.0,6.0,72.0,3.0,24.0,12.0,12.0,0.0,0.0
149,Sam Curran,,,,,,,,,,,,,,,,,,,,,,,,,,,,,,,9.0,9.0,33.0,323.0,10.0,32.3,9.78,19.8,1.0,0.0,14.0,13.0,42.0,344.0,13.0,26.46,8.19,19.38,0.0,0.0,9.0,9.0,33.0,328.0,9.0,36.44,9.93,22.0,0.0,0.0,,,,,,,,,,
150,Keemo Paul,,,,,,,,,,,,,,,,,,,,,,,,,,,,,,,8.0,8.0,27.0,237.0,9.0,26.33,8.72,18.11,0.0,0.0,,,,,,,,,,,,,,,,,,,,,,,,,,,,,,
151,Harry Gurney,,,,,,,,,,,,,,,,,,,,,,,,,,,,,,,8.0,8.0,27.0,238.0,7.0,34.0,8.81,23.14,0.0,0.0,,,,,,,,,,,,,,,,,,,,,,,,,,,,,,
152,Hardus Viljoen,,,,,,,,,,,,,,,,,,,,,,,,,,,,,,,6.0,6.0,23.0,222.0,7.0,31.71,9.65,19.71,0.0,0.0,,,,,,,,,,,,,,,,,,,,,,,,,,,,,,
153,Alzarri Joseph,,,,,,,,,,,,,,,,,,,,,,,,,,,,,,,3.0,3.0,8.0,87.0,6.0,14.5,10.03,8.66,0.0,1.0,,,,,,,,,,,,,,,,,,,,,9.0,9.0,30.0,264.0,7.0,37.71,8.8,25.71,0.0,0.0
154,Jason Behrendorff,,,,,,,,,,,,,,,,,,,,,,,,,,,,,,,5.0,5.0,19.0,165.0,5.0,33.0,8.68,22.8,0.0,0.0,,,,,,,,,,,,,,,,,,,,,,,,,,,,,,
155,Oshane Thomas,,,,,,,,,,,,,,,,,,,,,,,,,,,,,,,4.0,4.0,10.0,79.0,5.0,15.8,7.9,12.0,0.0,0.0,,,,,,,,,,,,,,,,,,,,,,,,,,,,,,
156,Dale Steyn,,,,,,,,,,,,,,,,,,,,,,,,,,,,,,,2.0,2.0,8.0,69.0,4.0,17.25,8.62,12.0,0.0,0.0,3.0,3.0,11.0,133.0,1.0,133.0,11.4,70.0,0.0,0.0,,,,,,,,,,,,,,,,,,,,
157,Mitchell Santner,,,,,,,,,,,,,,,,,,,,,,,,,,,,,,,4.0,4.0,14.0,94.0,4.0,23.5,6.71,21.0,0.0,0.0,2.0,2.0,7.0,53.0,2.0,26.5,7.57,21.0,0.0,0.0,,,,,,,,,,,6.0,6.0,19.0,130.0,4.0,32.5,6.84,28.5,0.0,0.0
158,Arshdeep Singh,,,,,,,,,,,,,,,,,,,,,,,,,,,,,,,3.0,3.0,10.0,109.0,3.0,36.33,10.9,20.0,0.0,0.0,8.0,8.0,25.0,218.0,9.0,24.22,8.77,16.55,0.0,0.0,12.0,12.0,41.0,342.0,18.0,19.0,8.27,13.77,0.0,1.0,14.0,14.0,50.0,385.0,10.0,38.5,7.7,30.0,0.0,0.0
159,Scott Kuggeleijn,,,,,,,,,,,,,,,,,,,,,,,,,,,,,,,2.0,2.0,8.0,71.0,2.0,35.5,8.87,24.0,0.0,0.0,,,,,,,,,,,,,,,,,,,,,,,,,,,,,,
160,Sandeep Warrier,,,,,,,,,,,,,,,,,,,,,,,,,,,,,,,3.0,3.0,12.0,85.0,2.0,42.5,7.08,36.0,0.0,0.0,,,,,,,,,,,,,,,,,,,,,,,,,,,,,,
161,Riyan Parag,,,,,,,,,,,,,,,,,,,,,,,,,,,,,,,7.0,7.0,14.0,121.0,2.0,60.5,8.64,42.0,0.0,0.0,,,,,,,,,,,11.0,6.0,6.0,73.0,1.0,73.0,11.83,37.0,0.0,0.0,17.0,4.0,4.0,59.0,1.0,59.0,14.75,24.0,0.0,0.0
162,Jagadeesha Suchith,,,,,,,,,,,,,,,,,,,,,,,,,,,,,,,1.0,1.0,4.0,28.0,2.0,14.0,7.0,12.0,0.0,0.0,,,,,,,,,,,,,,,,,,,,,5.0,5.0,18.0,140.0,7.0,20.0,7.77,15.42,0.0,0.0
163,Abhishek Sharma,,,,,,,,,,,,,,,,,,,,,,,,,,,,,,,3.0,2.0,2.0,21.0,1.0,21.0,10.5,12.0,0.0,0.0,8.0,6.0,10.0,91.0,2.0,45.5,9.1,30.0,0.0,0.0,8.0,6.0,10.0,64.0,4.0,16.0,6.4,15.0,0.0,0.0,,,,,,,,,,
164,Varun Chakaravarthy,,,,,,,,,,,,,,,,,,,,,,,,,,,,,,,1.0,1.0,3.0,35.0,1.0,35.0,11.66,18.0,0.0,0.0,13.0,13.0,52.0,356.0,17.0,20.94,6.84,18.35,0.0,1.0,17.0,17.0,68.0,448.0,18.0,24.88,6.58,22.66,0.0,0.0,11.0,11.0,39.0,332.0,6.0,55.33,8.51,39.0,0.0,0.0
165,Anukul Roy,,,,,,,,,,,,,,,,,,,,,,,,,,,,,,,1.0,1.0,2.0,11.0,1.0,11.0,5.5,12.0,0.0,0.0,,,,,,,,,,,,,,,,,,,,,2.0,2.0,7.0,55.0,1.0,55.0,7.85,42.0,0.0,0.0
166,Sherfane Rutherford,,,,,,,,,,,,,,,,,,,,,,,,,,,,,,,7.0,6.0,7.0,59.0,1.0,59.0,8.63,41.0,0.0,0.0,,,,,,,,,,,,,,,,,,,,,,,,,,,,,,
167,Prithvi Raj Yarra,,,,,,,,,,,,,,,,,,,,,,,,,,,,,,,2.0,2.0,5.0,57.0,1.0,57.0,11.4,30.0,0.0,0.0,,,,,,,,,,,,,,,,,,,,,,,,,,,,,,
168,Anrich Nortje,,,,,,,,,,,,,,,,,,,,,,,,,,,,,,,,,,,,,,,,,16.0,16.0,61.0,512.0,22.0,23.27,8.39,16.63,0.0,0.0,8.0,8.0,30.0,187.0,12.0,15.58,6.16,15.16,0.0,0.0,6.0,6.0,22.2,217.0,9.0,24.11,9.71,14.88,0.0,0.0
169,Ravi Bishnoi,,,,,,,,,,,,,,,,,,,,,,,,,,,,,,,,,,,,,,,,,14.0,14.0,51.0,376.0,12.0,31.33,7.37,25.5,0.0,0.0,9.0,9.0,35.0,222.0,12.0,18.5,6.34,17.5,0.0,0.0,14.0,14.0,54.0,456.0,13.0,35.07,8.44,24.92,0.0,0.0
170,James Pattinson,,,,,,,,,,,,,,,,,,,,,,,,,,,,,,,,,,,,,,,,,10.0,10.0,35.0,320.0,11.0,29.09,9.01,19.36,0.0,0.0,,,,,,,,,,,,,,,,,,,,
171,Kartik Tyagi,,,,,,,,,,,,,,,,,,,,,,,,,,,,,,,,,,,,,,,,,10.0,10.0,38.0,367.0,9.0,40.77,9.61,25.44,0.0,0.0,4.0,4.0,14.0,124.0,4.0,31.0,8.85,21.0,0.0,0.0,2.0,2.0,8.0,79.0,1.0,79.0,9.87,48.0,0.0,0.0
172,Isuru Udana,,,,,,,,,,,,,,,,,,,,,,,,,,,,,,,,,,,,,,,,,10.0,10.0,29.0,282.0,8.0,35.25,9.72,21.75,0.0,0.0,,,,,,,,,,,,,,,,,,,,
173,Sheldon Cottrell,,,,,,,,,,,,,,,,,,,,,,,,,,,,,,,,,,,,,,,,,6.0,6.0,20.0,176.0,6.0,29.33,8.8,20.0,0.0,0.0,,,,,,,,,,,,,,,,,,,,
174,Kamlesh Nagarkoti,,,,,,,,,,,,,,,,,,,,,,,,,,,,,,,,,,,,,,,,,10.0,9.0,26.0,231.0,5.0,46.2,8.88,31.2,0.0,0.0,,,,,,,,,,,,,,,,,,,,
175,Shivam Dube,,,,,,,,,,,,,,,,,,,,,,,,,,,,,,,,,,,,,,,,,11.0,5.0,9.0,73.0,4.0,18.25,8.11,13.5,0.0,0.0,,,,,,,,,,,,,,,,,,,,
176,Kieron Pollard,,,,,,,,,,,,,,,,,,,,,,,,,,,,,,,,,,,,,,,,,16.0,11.0,21.0,190.0,4.0,47.5,9.04,31.5,0.0,0.0,14.0,9.0,13.0,95.0,5.0,19.0,7.21,15.8,0.0,0.0,11.0,6.0,14.0,125.0,4.0,31.25,8.92,21.0,0.0,0.0
177,Tushar Deshpande,,,,,,,,,,,,,,,,,,,,,,,,,,,,,,,,,,,,,,,,,5.0,5.0,17.0,192.0,3.0,64.0,11.29,34.0,0.0,0.0,,,,,,,,,,,2.0,2.0,7.0,63.0,1.0,63.0,9.0,42.0,0.0,0.0
178,Shahbaz Ahmed,,,,,,,,,,,,,,,,,,,,,,,,,,,,,,,,,,,,,,,,,2.0,2.0,6.0,44.0,2.0,22.0,7.33,18.0,0.0,0.0,11.0,6.0,14.0,92.0,7.0,13.14,6.57,12.0,0.0,0.0,16.0,14.0,35.0,336.0,4.0,84.0,9.6,52.5,0.0,0.0
179,Jimmy Neesham,,,,,,,,,,,,,,,,,,,,,,,,,,,,,,,,,,,,,,,,,5.0,5.0,15.0,148.0,2.0,74.0,9.86,45.0,0.0,0.0,3.0,3.0,9.0,66.0,5.0,13.2,7.33,10.8,0.0,0.0,,,,,,,,,,
180,Josh Hazlewood,,,,,,,,,,,,,,,,,,,,,,,,,,,,,,,,,,,,,,,,,3.0,3.0,10.0,64.0,1.0,64.0,6.4,60.0,0.0,0.0,9.0,9.0,35.0,293.0,11.0,26.63,8.37,19.09,0.0,0.0,12.0,12.0,46.3,377.0,20.0,18.85,8.1,13.95,1.0,0.0
181,Abdul Samad,,,,,,,,,,,,,,,,,,,,,,,,,,,,,,,,,,,,,,,,,12.0,3.0,7.0,96.0,1.0,96.0,13.71,42.0,0.0,0.0,,,,,,,,,,,,,,,,,,,,
182,Chetan Sakariya,,,,,,,,,,,,,,,,,,,,,,,,,,,,,,,,,,,,,,,,,,,,,,,,,,,14.0,14.0,52.0,426.0,14.0,30.42,8.19,22.28,0.0,0.0,3.0,3.0,11.0,84.0,3.0,28.0,7.63,22.0,0.0,0.0
183,Kyle Jamieson,,,,,,,,,,,,,,,,,,,,,,,,,,,,,,,,,,,,,,,,,,,,,,,,,,,9.0,9.0,28.0,269.0,9.0,29.88,9.6,18.66,0.0,0.0,,,,,,,,,,
184,Harpreet Brar,,,,,,,,,,,,,,,,,,,,,,,,,,,,,,,,,,,,,,,,,,,,,,,,,,,7.0,7.0,23.0,139.0,5.0,27.8,6.04,27.6,0.0,0.0,5.0,5.0,16.0,146.0,4.0,36.5,9.12,24.0,0.0,0.0
185,Lalit Yadav,,,,,,,,,,,,,,,,,,,,,,,,,,,,,,,,,,,,,,,,,,,,,,,,,,,7.0,5.0,14.0,101.0,4.0,25.25,7.21,21.0,0.0,0.0,12.0,8.0,18.0,150.0,4.0,37.5,8.33,27.0,0.0,0.0
186,Riley Meredith,,,,,,,,,,,,,,,,,,,,,,,,,,,,,,,,,,,,,,,,,,,,,,,,,,,5.0,5.0,17.0,169.0,4.0,42.25,9.94,25.5,0.0,0.0,8.0,8.0,28.0,236.0,8.0,29.5,8.42,21.0,0.0,0.0
187,Venkatesh Iyer,,,,,,,,,,,,,,,,,,,,,,,,,,,,,,,,,,,,,,,,,,,,,,,,,,,10.0,4.0,8.0,69.0,3.0,23.0,8.11,17.0,0.0,0.0,,,,,,,,,,
188,Jhye Richardson,,,,,,,,,,,,,,,,,,,,,,,,,,,,,,,,,,,,,,,,,,,,,,,,,,,3.0,3.0,11.0,117.0,3.0,39.0,10.63,22.0,0.0,0.0,,,,,,,,,,
189,George Garton,,,,,,,,,,,,,,,,,,,,,,,,,,,,,,,,,,,,,,,,,,,,,,,,,,,5.0,5.0,15.0,135.0,3.0,45.0,9.0,30.0,0.0,0.0,,,,,,,,,,
190,Umran Malik,,,,,,,,,,,,,,,,,,,,,,,,,,,,,,,,,,,,,,,,,,,,,,,,,,,3.0,3.0,12.0,96.0,2.0,48.0,8.0,36.0,0.0,0.0,14.0,14.0,49.1,444.0,22.0,20.18,9.03,13.4,1.0,1.0
191,Marco Jansen,,,,,,,,,,,,,,,,,,,,,,,,,,,,,,,,,,,,,,,,,,,,,,,,,,,2.0,2.0,6.0,45.0,2.0,22.5,7.5,18.0,0.0,0.0,8.0,8.0,32.0,274.0,7.0,39.14,8.56,27.42,0.0,0.0
192,Fabian Allen,,,,,,,,,,,,,,,,,,,,,,,,,,,,,,,,,,,,,,,,,,,,,,,,,,,4.0,3.0,11.0,90.0,1.0,90.0,8.18,66.0,0.0,0.0,1.0,1.0,4.0,46.0,1.0,46.0,11.5,24.0,0.0,0.0
193,Glenn Phillips,,,,,,,,,,,,,,,,,,,,,,,,,,,,,,,,,,,,,,,,,,,,,,,,,,,3.0,2.0,2.0,20.0,1.0,20.0,10.0,12.0,0.0,0.0,,,,,,,,,,
194,Ishan Porel,,,,,,,,,,,,,,,,,,,,,,,,,,,,,,,,,,,,,,,,,,,,,,,,,,,1.0,1.0,4.0,39.0,1.0,39.0,9.75,24.0,0.0,0.0,,,,,,,,,,
195,Daniel Sams,,,,,,,,,,,,,,,,,,,,,,,,,,,,,,,,,,,,,,,,,,,,,,,,,,,2.0,2.0,6.0,39.0,1.0,39.0,6.5,36.0,0.0,0.0,11.0,11.0,42.0,370.0,13.0,28.46,8.8,19.38,1.0,0.0
196,Lukman Meriwala,,,,,,,,,,,,,,,,,,,,,,,,,,,,,,,,,,,,,,,,,,,,,,,,,,,1.0,1.0,3.0,32.0,1.0,32.0,10.66,18.0,0.0,0.0,,,,,,,,,,
197,Mahipal Lomror,,,,,,,,,,,,,,,,,,,,,,,,,,,,,,,,,,,,,,,,,,,,,,,,,,,4.0,4.0,7.0,47.0,1.0,47.0,6.71,42.0,0.0,0.0,,,,,,,,,,
198,Nathan Ellis,,,,,,,,,,,,,,,,,,,,,,,,,,,,,,,,,,,,,,,,,,,,,,,,,,,3.0,3.0,12.0,98.0,1.0,98.0,8.16,72.0,0.0,0.0,2.0,2.0,6.0,55.0,3.0,18.33,9.16,12.0,0.0,0.0
199,Wanindu Hasaranga,,,,,,,,,,,,,,,,,,,,,,,,,,,,,,,,,,,,,,,,,,,,,,,,,,,,,,,,,,,,,16.0,16.0,57.0,430.0,26.0,16.53,7.54,13.15,1.0,1.0
200,Mukesh Choudhary,,,,,,,,,,,,,,,,,,,,,,,,,,,,,,,,,,,,,,,,,,,,,,,,,,,,,,,,,,,,,13.0,13.0,45.3,424.0,16.0,26.5,9.31,17.06,1.0,0.0
201,Mohsin Khan,,,,,,,,,,,,,,,,,,,,,,,,,,,,,,,,,,,,,,,,,,,,,,,,,,,,,,,,,,,,,9.0,9.0,33.0,197.0,14.0,14.07,5.96,14.14,1.0,0.0
202,Maheesh Theekshana,,,,,,,,,,,,,,,,,,,,,,,,,,,,,,,,,,,,,,,,,,,,,,,,,,,,,,,,,,,,,9.0,9.0,35.0,261.0,12.0,21.75,7.45,17.5,1.0,0.0
203,Obed McCoy,,,,,,,,,,,,,,,,,,,,,,,,,,,,,,,,,,,,,,,,,,,,,,,,,,,,,,,,,,,,,7.0,7.0,25.5,237.0,11.0,21.54,9.17,14.09,0.0,0.0
204,Yash Dayal,,,,,,,,,,,,,,,,,,,,,,,,,,,,,,,,,,,,,,,,,,,,,,,,,,,,,,,,,,,,,9.0,9.0,32.0,296.0,11.0,26.9,9.25,17.45,0.0,0.0
205,Dushmantha Chameera,,,,,,,,,,,,,,,,,,,,,,,,,,,,,,,,,,,,,,,,,,,,,,,,,,,,,,,,,,,,,12.0,12.0,44.0,384.0,9.0,42.66,8.72,29.33,0.0,0.0
206,Kuldeep Sen,,,,,,,,,,,,,,,,,,,,,,,,,,,,,,,,,,,,,,,,,,,,,,,,,,,,,,,,,,,,,7.0,7.0,25.1,237.0,8.0,29.62,9.41,18.87,1.0,0.0
207,Sai Kishore,,,,,,,,,,,,,,,,,,,,,,,,,,,,,,,,,,,,,,,,,,,,,,,,,,,,,,,,,,,,,5.0,5.0,16.0,121.0,6.0,20.16,7.56,16.0,0.0,0.0
208,Liam Livingstone,,,,,,,,,,,,,,,,,,,,,,,,,,,,,,,,,,,,,,,,,,,,,,,,,,,,,,,,,,,,,14.0,12.0,23.0,202.0,6.0,33.66,8.78,23.0,0.0,0.0
209,Ramandeep Singh,,,,,,,,,,,,,,,,,,,,,,,,,,,,,,,,,,,,,,,,,,,,,,,,,,,,,,,,,,,,,5.0,3.0,6.0,54.0,6.0,9.0,9.0,6.0,0.0,0.0
210,Dwaine Pretorius,,,,,,,,,,,,,,,,,,,,,,,,,,,,,,,,,,,,,,,,,,,,,,,,,,,,,,,,,,,,,6.0,6.0,21.0,210.0,6.0,35.0,10.0,21.0,0.0,0.0
211,Odean Smith,,,,,,,,,,,,,,,,,,,,,,,,,,,,,,,,,,,,,,,,,,,,,,,,,,,,,,,,,,,,,6.0,6.0,15.0,178.0,6.0,29.66,11.86,15.0,1.0,0.0
212,Kumar Kartikeya Singh,,,,,,,,,,,,,,,,,,,,,,,,,,,,,,,,,,,,,,,,,,,,,,,,,,,,,,,,,,,,,4.0,4.0,13.0,102.0,5.0,20.4,7.84,15.6,0.0,0.0
213,Akash Deep,,,,,,,,,,,,,,,,,,,,,,,,,,,,,,,,,,,,,,,,,,,,,,,,,,,,,,,,,,,,,5.0,5.0,18.5,205.0,5.0,41.0,10.88,22.6,0.0,0.0
214,Simarjeet Singh,,,,,,,,,,,,,,,,,,,,,,,,,,,,,,,,,,,,,,,,,,,,,,,,,,,,,,,,,,,,,6.0,6.0,18.0,138.0,4.0,34.5,7.66,27.0,0.0,0.0
215,Vaibhav Arora,,,,,,,,,,,,,,,,,,,,,,,,,,,,,,,,,,,,,,,,,,,,,,,,,,,,,,,,,,,,,5.0,5.0,17.5,164.0,3.0,54.66,9.19,35.66,0.0,0.0
216,Romario Shepherd,,,,,,,,,,,,,,,,,,,,,,,,,,,,,,,,,,,,,,,,,,,,,,,,,,,,,,,,,,,,,3.0,3.0,9.0,98.0,3.0,32.66,10.88,18.0,0.0,0.0
217,Ayush Badoni,,,,,,,,,,,,,,,,,,,,,,,,,,,,,,,,,,,,,,,,,,,,,,,,,,,,,,,,,,,,,13.0,2.0,2.0,11.0,2.0,5.5,5.5,6.0,0.0,0.0
218,Prashant Solanki,,,,,,,,,,,,,,,,,,,,,,,,,,,,,,,,,,,,,,,,,,,,,,,,,,,,,,,,,,,,,2.0,2.0,6.0,38.0,2.0,19.0,6.33,18.0,0.0,0.0
219,Matheesha Pathirana,,,,,,,,,,,,,,,,,,,,,,,,,,,,,,,,,,,,,,,,,,,,,,,,,,,,,,,,,,,,,2.0,2.0,6.5,52.0,2.0,26.0,7.6,20.5,0.0,0.0
220,Hrithik Shokeen,,,,,,,,,,,,,,,,,,,,,,,,,,,,,,,,,,,,,,,,,,,,,,,,,,,,,,,,,,,,,5.0,5.0,15.0,127.0,2.0,63.5,8.46,45.0,0.0,0.0
221,Fazalhaq Farooqi,,,,,,,,,,,,,,,,,,,,,,,,,,,,,,,,,,,,,,,,,,,,,,,,,,,,,,,,,,,,,3.0,3.0,12.0,110.0,2.0,55.0,9.16,36.0,0.0,0.0
222,Darshan Nalkande,,,,,,,,,,,,,,,,,,,,,,,,,,,,,,,,,,,,,,,,,,,,,,,,,,,,,,,,,,,,,2.0,2.0,5.1,59.0,2.0,29.5,11.41,15.5,0.0,0.0
223,Harshit Rana,,,,,,,,,,,,,,,,,,,,,,,,,,,,,,,,,,,,,,,,,,,,,,,,,,,,,,,,,,,,,2.0,2.0,5.0,51.0,1.0,51.0,10.2,30.0,0.0,0.0
224,Aiden Markram,,,,,,,,,,,,,,,,,,,,,,,,,,,,,,,,,,,,,,,,,,,,,,,,,,,,,,,,,,,,,14.0,4.0,6.0,64.0,1.0,64.0,10.66,36.0,0.0,0.0
225,Sean Abbott,,,,,,,,,,,,,,,,,,,,,,,,,,,,,,,,,,,,,,,,,,,,,,,,,,,,,,,,,,,,,1.0,1.0,4.0,47.0,1.0,47.0,11.75,24.0,0.0,0.0
226,Dewald Brevis,,,,,,,,,,,,,,,,,,,,,,,,,,,,,,,,,,,,,,,,,,,,,,,,,,,,,,,,,,,,,7.0,1.0,0.3,8.0,1.0,8.0,16.0,3.0,0.0,0.0
